-1.4652,-2.0757
-0.1628,-2.3199
0.5698,0.9768
0.7326,-0.0814
0.5291,1.8315
-0.0407,0.2442
0.2035,1.3024
-1.221,0.7733
-2.4827,-0.2849
-2.849,0.4477
-2.849,-0.3663
-2.849,0.2442
-2.4013,1.2617
-1.7908,-1.3431
-1.2617,1.221
-2.035,1.2617
-0.6919,0.1628
-0.0407,1.628
-0.6105,0.9361
-0.3256,2.1164
-0.6919,1.3431
-0.3663,-0.2849
-0.0407,1.1396
-1.3024,1.6687
-0.4477,1.8315
-1.5059,1.2617
-0.4477,2.5234
-1.8722,2.3606
-0.8954,1.0175
-0.7733,1.1803
-1.7094,2.442
-0.7733,3.2153
-0.4884,1.7908
-1.8315,2.6455
-1.5873,1.7094
-1.3838,1.3024
-0.6512,1.8315
-2.2385,2.6048
-0.814,1.1396
-1.8722,2.3606
-1.0989,2.6862
0.2442,0.0814
-1.7908,1.6687
-1.9129,2.1164
-0.4477,1.7094
-0.7733,2.6862
-1.0989,2.1978
0.1221,1.7501
-1.7501,1.8315
-1.9536,2.035
0.7326,1.9943
-1.221,2.2385
-1.5059,3.2153
-0.6512,1.9536
-0.9768,1.4652
-0.4884,1.4245
-1.8722,3.3781
-1.3024,0.6512
-1.5466,1.7501
-0.2442,0.4477
-1.0989,3.2153
-0.7733,3.8665
-1.7908,2.4827
-0.9768,2.7269
-0.0814,2.5234
-1.3024,2.1978
-0.5291,0.1221
-1.0989,3.0118
-1.3431,3.4595
-0.2849,1.7908
-1.4245,1.5873
-1.0175,2.8083
-1.5873,1.7501
0.0407,3.3781
-1.9943,1.9129
-0.1221,3.8258
-0.3663,3.4188
-1.0582,3.3781
-1.4652,3.7037
-0.5698,3.4188
-0.5698,0.4884
-0.3256,2.8083
-1.3024,3.0118
-0.6105,2.2792
-1.3024,2.9711
-1.0175,1.8315
-1.2617,2.6862
-0.4884,1.9536
-0.407,3.0525
-0.7326,2.4013
-1.8315,2.7269
-1.0989,1.7094
-0.3256,3.0118
0.1221,3.4188
-1.6687,2.9711
-0.7733,3.5002
-0.9361,2.3199
-1.1396,2.1164
-0.407,2.0757
-1.5873,2.5234
-0.0407,3.1339
-1.5059,3.0932
-1.3024,1.2617
-0.8547,2.5234
-1.3838,2.8083
-0.3663,3.1746
-1.0175,1.3431
-0.8954,3.3781
-0.3256,3.3374
-1.3024,2.1978
-1.1396,2.5641
-0.5698,2.2792
-1.1396,3.9072
-1.3024,2.9304
-1.3024,4.2328
-0.8547,3.3781
-1.9129,3.4595
-0.4884,4.3549
-1.1396,1.3838
-1.1396,3.7851
-1.3431,2.6862
-0.8954,2.7269
-1.3431,2.4013
-2.0757,3.4188
-0.8954,3.3781
-0.9361,2.442
-1.8722,2.7676
-1.1803,3.7037
-1.628,2.9711
-0.8954,3.663
-1.7501,3.0525
-0.8954,3.0932
-0.5291,2.442
-1.0989,4.6398
-0.6512,3.2153
-0.0814,3.5409
0.2442,2.442
0.2035,3.5816
2.0757,4.1107
3.5816,4.7619
3.9886,4.5177
4.0293,3.4595
4.3956,4.0293
4.07,4.1514
5.2503,4.8433
3.9886,3.7851
4.4363,5.5759
4.1514,4.5584
2.849,5.0061
4.2328,5.2503
3.1746,4.9654
2.1978,5.1282
3.7851,4.9654
3.7851,5.2096
3.5409,4.1514
2.9304,4.6805
3.0118,4.8026
3.3781,4.2328
3.9479,5.291
2.7676,5.5352
5.3724,5.7387
2.442,4.5584
4.2328,5.3317
3.663,4.3956
3.0525,5.7387
3.5409,6.512
3.9479,4.1514
3.7851,5.2503
4.07,4.5991
3.4188,5.7794
3.3374,5.2096
3.4188,5.2503
2.8083,6.1864
3.1339,4.6805
2.9711,3.9072
3.8258,5.3724
3.1339,4.8026
2.9711,5.1282
4.5177,4.6398
2.2792,4.6805
2.9711,4.7212
3.7851,4.2328
2.8897,5.3724
2.9711,4.884
3.9479,5.5352
3.4595,4.6398
2.9711,5.4131
2.9304,5.4538
4.2328,6.0643
3.9072,6.5527
2.1978,3.7444
4.9247,5.3317
2.849,6.1864
3.5409,5.698
3.4595,5.8201
3.6223,4.2328
3.6223,4.5584
2.849,4.6805
2.442,4.884
3.3374,4.5584
3.7444,4.9247
2.442,4.9654
2.442,5.0875
3.7444,5.6573
2.8083,5.1689
3.0525,5.7794
2.4827,5.2503
3.1339,5.7387
4.07,5.2503
2.6862,4.6805
2.5641,5.1689
2.1571,5.3724
3.7444,3.5816
2.6455,4.3549
2.2385,5.4538
2.6862,5.0061
3.4188,4.6398
2.442,4.3142
2.0757,4.9247
1.628,4.8433
3.3781,4.884
3.6223,5.8201
1.7094,3.3781
3.3781,4.2735
2.4827,6.2678
3.0525,4.3549
2.9711,4.3956
2.4013,4.1921
2.4013,3.256
1.8722,3.2967
3.7851,4.07
2.5641,5.0468
3.256,5.291
2.9304,4.6398
3.1339,4.0293
2.6455,5.2503
3.0118,3.5816
2.7269,5.1282
2.3606,3.9886
3.3374,5.6166
2.4013,4.1514
3.5816,4.2735
2.1164,4.4363
2.035,4.9654
2.3606,4.6398
2.6048,4.9247
3.2967,4.1514
2.1978,5.1282
2.8897,3.663
2.3606,3.8258
1.628,4.8433
2.3606,3.7037
2.3606,4.3956
2.7269,5.3317
1.9536,4.1514
4.07,4.7619
2.442,5.1282
2.4827,3.9886
2.6862,3.5816
2.6048,4.4363
2.9711,4.2328
1.4652,5.0468
3.0525,3.9479
2.7269,3.2967
1.9129,4.477
2.6455,4.3142
1.7094,2.8083
3.3781,4.2735
2.2792,4.6805
2.0757,3.3781
2.7269,4.2735
2.442,3.7037
3.1339,3.7851
3.0118,4.4363
2.1978,3.663
1.9129,5.4538
3.2153,4.3142
2.035,5.2096
2.9711,3.1339
2.6862,4.9654
1.9129,4.477
1.7501,4.7619
3.0932,4.0293
2.3199,4.1921
2.5641,4.4363
2.1164,3.8258
2.2385,3.7037
1.8315,3.8665
2.5234,4.7619
2.9304,3.3781
1.7908,5.3317
2.7269,5.2096
2.5641,4.2328
1.5873,4.0293
1.8315,5.291
2.8083,4.9654
3.1339,5.0061
2.035,3.5409
1.3838,2.8897
2.849,3.1746
2.9711,4.8433
2.6048,4.5991
2.6455,5.0875
1.7094,3.7037
1.7908,3.4188
3.5816,5.291
3.4188,4.6398
2.3606,4.6805
2.0757,3.2153
2.442,4.6805
2.035,3.7037
2.1978,3.8258
1.9943,3.9072
2.2385,4.7619
2.035,3.2967
1.6687,5.7387
2.8897,3.9886
3.2153,4.4363
2.0757,4.2735
2.6862,5.1282
3.2967,4.7619
1.2617,4.7619
1.7908,3.5002
2.3199,3.5816
2.1571,5.2096
3.2153,3.5409
2.5234,5.4945
1.9943,4.9247
1.9536,4.5584
2.035,3.3374
3.4188,5.1282
2.5234,3.8665
2.2385,4.3142
3.1746,3.9479
1.0582,2.6862
2.0757,4.2735
2.9711,4.7212
2.2385,5.2096
1.9129,4.07
2.2385,3.4595
2.035,4.5991
1.8315,3.0932
2.1164,3.6223
2.5641,4.5991
2.1164,5.7387
1.8722,2.6455
1.7908,3.0932
1.4652,2.4013
3.663,2.7676
1.9943,3.9479
1.5466,2.849
2.2385,3.8258
2.3606,3.9072
2.4013,3.1339
2.4013,3.6223
2.6048,2.9711
2.6862,3.2153
1.5873,3.5409
1.3024,4.1107
2.3606,3.0932
2.6862,3.256
2.4827,4.1107
2.8897,4.9654
2.4827,2.9711
2.1978,3.9886
2.6455,4.3549
1.9129,2.3199
3.0118,3.4188
2.1978,3.9072
1.9536,5.0468
1.8722,3.7037
1.7501,4.2735
1.5873,3.2153
3.2153,3.4595
2.4827,3.9886
2.6455,2.6862
1.5466,3.5409
1.9536,3.4188
2.8083,4.9654
2.1571,2.1978
2.8897,5.3317
1.8315,3.3374
2.5234,4.2735
2.849,4.0293
1.628,3.1746
1.3024,3.0525
1.628,4.3142
1.3431,4.884
2.2792,4.6398
2.2385,3.5409
1.4652,5.0061
1.7908,4.0293
1.3431,2.849
1.9943,6.2678
2.1978,3.9886
1.9943,3.9072
1.4245,2.9711
1.5873,4.1107
1.5059,4.5177
2.1978,3.4595
1.8315,3.5002
1.221,3.7037
1.8315,3.4595
1.628,4.6398
1.9943,3.7444
1.4245,4.07
1.8315,4.2735
1.628,4.477
1.5873,4.884
2.6048,4.7619
2.7269,4.5177
2.2385,5.0875
1.8315,3.4188
2.2385,3.5002
1.3431,3.7037
1.6687,3.9886
1.9536,4.1107
2.1164,4.07
2.5641,3.6223
1.8315,3.0932
2.1571,5.6573
3.1339,3.7037
0.407,2.9304
2.4827,3.3374
1.4652,3.9479
1.8315,3.7444
1.5059,3.5816
1.4245,4.7212
2.1978,4.5584
0.7733,2.9304
1.4245,3.1339
0.9361,4.9247
2.5234,2.5641
1.2617,4.5991
0.9361,3.5816
1.7908,2.9711
1.5466,3.2967
1.7501,3.663
2.035,4.3549
1.3024,3.8258
0.9361,3.256
2.5234,4.7212
2.5234,3.1339
0.8954,2.1571
1.1396,2.6455
1.2617,3.9072
1.4652,4.2735
1.9943,2.1978
2.8083,1.1396
1.7908,4.884
0.5698,1.7908
2.4013,5.0061
1.0582,3.6223
1.0582,3.3781
0.8954,1.9536
1.3024,4.1107
3.2153,3.7444
0.6919,2.7269
1.3431,3.3781
0.4477,4.1514
2.1164,4.6805
2.6048,4.2735
1.5059,2.2792
0.7733,3.1746
0.5698,2.0757
2.2385,4.6805
-0.0814,3.0525
1.8722,2.035
1.221,2.9711
1.628,1.628
1.9943,5.0061
1.5059,3.5816
1.9943,3.5002
1.3431,3.1746
-0.1221,2.7676
1.8315,4.3549
2.4013,4.7619
1.0989,1.7908
1.5059,4.3142
1.3431,4.0293
2.8083,4.07
1.1803,4.1514
1.628,3.0932
1.4652,2.4013
1.8315,2.9711
0.7326,3.0932
1.3431,3.7851
1.0175,3.2153
1.3024,3.4595
1.5466,3.7037
1.5466,5.0875
0.4884,3.0525
1.9536,2.9711
0.7733,5.1282
1.0582,3.1746
0.6512,2.9711
1.4652,2.1978
0.2035,2.8083
2.1164,3.0932
2.7269,3.7444
1.0582,3.9886
0.4884,4.07
0.5698,3.1746
-0.2442,2.1164
1.7094,4.8026
1.9536,2.4827
2.7269,3.7444
0.4477,4.2735
1.0175,1.7908
1.8722,2.849
0.8547,2.8897
0.1628,2.1978
1.5873,4.1514
1.3024,3.9479
2.1164,0.8954
1.0989,3.1746
2.4013,5.7387
0.4477,2.4013
2.3606,4.2328
0.9361,3.2153
1.7094,3.5002
2.4013,4.9247
2.035,2.3199
1.2617,3.4188
2.035,2.6862
0.1221,1.9536
0.4477,1.5873
0.5698,2.1978
0.1221,3.7037
1.221,2.4827
1.0582,4.3956
1.1803,3.663
1.1803,4.2328
2.6862,5.1282
0.9768,3.0118
0.8547,2.5641
2.1571,4.5177
1.3838,5.1689
1.9536,2.8083
1.6687,3.8665
1.628,3.4595
0.7733,2.2385
-0.1221,0.814
0.4477,3.7851
1.7094,2.5234
2.2385,4.6805
1.7094,5.0875
1.1396,3.9479
0.2442,1.4245
1.9943,3.1339
1.8722,3.3781
1.1803,2.6455
2.2792,2.9711
0.3663,4.5177
0.6105,3.6223
2.1164,2.849
1.6687,4.07
2.3199,3.7037
0.2442,1.3431
1.5466,4.3142
1.8315,1.628
0.6512,2.442
1.9943,2.9304
2.442,3.0525
-0.1628,3.1339
2.4827,4.2328
2.1571,4.5584
0.7326,2.2385
0.3663,3.2967
1.1803,1.9129
2.6862,3.5816
0.7326,3.0525
0.2849,2.3606
0.0814,2.1571
1.7501,2.8897
2.3199,2.8897
0.1628,1.628
1.0989,1.1803
1.221,3.0118
1.628,2.4013
2.4827,3.256
0.407,2.6862
2.035,3.9886
3.0932,4.3142
3.3374,4.0293
1.3431,4.1107
2.2385,2.442
-0.0407,2.4013
2.1164,2.4013
1.4652,3.7037
1.4245,4.1107
0.5291,2.3606
1.3024,2.9711
0.6105,2.5641
1.2617,2.6455
1.3838,2.442
2.442,2.5234
0.9361,3.9479
2.6455,3.3781
1.4245,3.0118
1.2617,3.9479
-0.5291,2.1164
1.1396,2.6048
1.5466,3.9886
1.3431,3.0525
1.2617,2.6048
1.8722,4.477
1.3024,3.9886
0.6105,3.2967
2.1164,3.2153
0.6105,2.5234
1.3838,2.4827
0.814,1.9129
1.8722,3.256
1.6687,2.0757
1.8722,1.1396
1.3838,3.4595
0.5698,1.8315
1.7908,3.2153
1.1803,2.4013
2.5234,2.8897
1.8315,1.9536
1.0175,4.5584
1.1803,2.849
1.5466,1.6687
1.4652,1.628
-0.2442,3.4188
1.2617,2.6455
2.3606,3.2153
2.2792,2.8083
1.7501,3.3781
1.4652,3.7851
1.4652,3.256
1.221,3.6223
1.7908,3.1339
2.6455,3.5816
2.9304,3.5002
1.6687,3.7037
0.5291,3.256
1.3431,2.6455
0.6919,2.6048
1.6687,1.9943
1.0582,3.0118
1.628,2.849
1.0582,2.442
1.4652,3.2967
2.5641,5.2096
2.0757,3.1746
0.6512,2.4827
1.5873,2.6048
1.221,4.4363
0.6105,1.9943
0.6919,3.3374
3.5409,3.7851
-0.2442,3.6223
1.3431,3.1339
0.7326,3.7037
0.4477,3.663
1.6687,2.1164
1.2617,1.8315
0.5698,4.5177
1.7908,2.0757
0.6919,1.9536
0.9768,2.442
0.4477,2.6048
0.0814,1.8315
1.7094,2.5234
1.9129,3.3781
0.4477,2.1571
1.7501,3.0932
-0.1628,1.7908
1.7908,1.9943
-0.407,2.9304
1.2617,1.2617
1.0989,2.849
0.814,2.035
1.4245,3.5409
0.407,2.1571
0.4477,2.035
1.3024,1.0175
-0.5698,2.9711
1.5466,1.9129
1.0582,2.6048
1.5466,3.0525
0.6105,2.1571
0.4884,1.5873
1.4245,3.1746
2.1571,3.0118
0.8954,3.2967
0.5698,3.256
0.1221,2.4013
1.628,2.4013
-0.3663,4.07
2.1978,1.5466
0.9361,3.0932
1.3838,1.1396
0.4884,2.5641
1.628,2.5234
1.7908,2.9304
1.1803,3.0932
1.3431,1.8315
1.0582,0.8954
0.4477,2.5641
2.1164,3.9886
0.6105,2.6455
2.5234,3.6223
0.5698,2.4827
1.3838,1.9943
1.3431,3.1339
1.3431,3.663
0.9361,1.7094
1.8315,2.4013
0.5698,3.9479
1.628,2.9711
0.8547,2.2385
1.7908,1.9536
0.2442,2.1978
1.5466,2.7269
0.5291,2.4827
0.0407,1.9536
2.6455,3.4188
0.9361,2.0757
0.3256,1.6687
1.1803,2.4827
1.8315,1.5466
1.4245,3.1746
0.2442,3.6223
2.0757,2.7269
0.814,2.2792
1.0989,1.0175
1.3024,0.9768
1.5059,3.4188
2.0757,3.663
1.3024,2.1571
1.5466,2.035
-0.0407,2.442
1.9536,2.7269
2.1571,2.4827
1.4245,3.7851
1.2617,2.6862
1.0582,2.1571
2.0757,3.2153
1.8722,3.9072
-0.2035,1.3838
0.407,3.2153
-0.1628,0.4477
1.8315,3.3781
1.0175,3.9072
0.7733,1.8315
1.0175,3.7851
1.1396,2.442
1.4245,1.9536
2.6455,1.7908
0.9768,2.9304
1.221,2.3606
2.4013,3.6223
0.814,3.0525
0.8547,3.8258
1.628,2.1571
1.3431,2.9304
1.1803,2.442
1.0989,1.6687
1.5466,2.9711
1.628,3.4188
1.5059,3.1339
1.7094,2.0757
0.1628,2.3199
1.5873,2.4013
2.442,3.9072
0.8954,0.6919
1.3431,1.5466
1.3431,3.1339
1.1803,3.6223
0.7326,2.849
0.9361,1.5059
1.7094,4.07
1.4652,2.4827
3.0525,2.9711
1.0175,3.9072
1.8315,2.6455
1.3838,3.1339
1.221,2.6048
1.221,1.3838
0.9768,3.5816
1.3838,1.8315
0.2035,2.1978
1.3838,0.7326
1.221,1.628
0.2442,3.4188
1.5466,1.3838
1.5059,2.5641
1.5466,2.035
1.7501,2.1164
0.0814,2.035
0.6512,1.5873
2.035,3.9072
1.4245,3.5409
1.9943,4.477
1.5466,1.9536
1.3431,4.2328
1.4245,2.5234
1.0175,2.3606
0.6512,1.8722
0.814,1.628
1.4652,3.6223
0.8954,2.9711
1.2617,1.4245
1.2617,2.849
1.3024,3.256
0.8547,2.5641
1.4652,1.3431
0.6512,2.5234
1.1803,2.0757
1.5873,2.442
1.0989,3.7037
3.0118,3.2153
0.2849,3.1746
1.1803,1.7094
1.0175,2.9711
1.5466,3.0525
1.3838,2.6455
0.7733,1.8315
0.7733,2.9711
1.628,1.8315
1.6687,1.2617
2.442,3.9479
0.1221,1.8722
0.814,2.4013
2.4827,3.0525
1.2617,3.1339
0.6512,1.1803
2.1978,5.1689
1.221,1.9943
0.5698,1.7501
0.2442,1.4652
0.5698,3.5816
0.814,3.3781
1.1803,1.6687
1.0989,2.6862
0.8547,1.1803
1.5059,2.5641
0.2442,2.1571
2.1571,2.5641
0.5291,3.2967
1.5873,1.9536
1.8315,1.7501
0.0814,2.6862
0.8547,2.442
0.9361,2.5641
1.9536,2.7676
1.3024,3.8665
0.3663,1.0175
2.035,2.4013
1.3024,3.3781
1.6687,1.9943
1.9129,1.4245
1.3838,4.07
1.4245,2.1164
2.0757,4.8433
0,2.4013
2.0757,3.0118
1.7501,2.3199
0.2035,2.6455
1.4652,2.3199
-0.0814,1.6687
1.0582,1.6687
1.3838,1.628
1.9129,1.5466
0.3663,1.5873
2.0757,1.8722
0.9768,2.4827
1.2617,2.9711
1.1396,2.6048
2.5641,3.8258
0.7733,2.849
1.5466,1.5466
2.0757,1.3431
1.9943,3.1339
0.7733,3.2153
1.3024,2.6455
1.9536,3.1339
0.0814,3.4595
0.7733,2.6455
1.0582,2.6048
0.9768,2.3199
0.6105,2.0757
0.9768,2.6455
0.7326,1.3838
0.9768,2.5234
1.7094,3.9479
1.7501,2.4827
0.1628,1.8722
1.221,3.256
1.3838,1.9536
1.0582,1.4652
2.2792,2.4013
1.9129,1.7501
1.7908,1.2617
0.0407,2.5641
2.1571,2.1571
-0.2035,2.7269
1.6687,2.4013
0.9768,1.0175
1.9129,2.9304
2.1164,3.0525
1.221,2.8897
1.4245,2.2792
1.3431,2.1978
1.1396,1.9536
0.6512,4.6398
1.4245,0.5291
1.4652,4.3142
0.3256,1.1396
1.4245,1.9943
2.0757,4.8433
1.2617,2.6048
0.7733,2.7269
0.9361,2.2385
1.1396,2.2385
1.9129,2.8897
0.7733,2.7269
-0.0814,1.0175
1.5466,1.4245
0.2442,1.5466
1.9943,2.1164
1.7094,2.2792
1.6687,3.5816
1.3024,2.4827
0.8954,2.3199
0.9768,2.8897
1.2617,2.4827
2.442,4.9247
-0.2442,1.8315
2.7269,2.0757
-0.0407,3.2153
2.3199,3.7444
1.221,2.1571
1.5466,2.1978
1.2617,3.5816
1.3024,3.8258
2.7676,1.221
1.5059,3.3374
1.8315,3.7037
1.7908,1.3431
1.0175,2.4827
1.9536,2.2385
1.3431,3.2967
1.9129,3.0118
1.0582,2.849
1.0175,3.2153
4.0293,4.5177
-0.0407,1.5466
1.2617,1.3838
0.3256,0.5698
1.0175,1.7501
1.0175,1.7908
0.3663,1.0175
1.2617,3.2153
1.1803,3.7851
2.2385,1.8722
2.3199,1.3431
0.2442,2.3606
1.3024,2.442
1.221,1.5059
0.8954,1.3431
1.0175,1.7908
1.3431,2.7269
1.5873,2.8083
1.3431,2.7676
1.4652,2.3199
1.4652,1.9943
-0.0407,2.035
2.0757,2.4827
0.9361,1.9129
1.5873,2.0757
1.7908,5.291
1.4652,2.6048
0.6919,1.8315
0.7733,2.2792
1.5873,3.256
2.2385,3.256
0.9361,2.3606
3.0525,4.9247
0.7326,3.0932
1.4652,1.8315
1.4652,3.5816
0.1628,1.6687
1.3431,3.3781
1.6687,2.442
2.2792,3.7444
0.3256,3.1339
-0.2442,3.0118
1.3431,1.5466
1.1803,2.4827
1.0989,2.6048
0.7733,3.1746
1.4245,3.0932
1.7908,3.7851
1.4245,3.4188
1.2617,1.8722
1.8315,3.8258
1.7094,4.2735
1.4652,2.4827
2.1978,1.1803
0.2849,3.5002
2.0757,3.8665
0.5698,1.3838
0.7733,2.3606
1.0989,1.4652
1.3838,2.442
0.8954,3.3781
0.9768,2.849
1.1396,2.6862
1.9536,2.6455
0,1.8722
1.7094,2.5641
0.6105,2.2792
1.8315,3.1339
1.0582,2.7269
1.4652,1.4245
0.8547,2.7676
1.7908,3.8258
2.3199,4.1107
0.1221,2.9304
1.4245,3.2153
1.0582,2.3199
1.628,2.6862
0.7733,1.221
0.0407,2.035
1.7501,1.9129
0.9361,2.1571
1.0582,2.9711
1.3431,3.4595
1.4245,3.1746
1.1803,2.5641
1.3838,2.1571
1.3838,2.9304
1.0175,3.256
1.1803,3.0118
1.5059,2.2792
0.6105,2.5234
0.6512,1.7908
0.9768,2.7269
0.9768,2.9304
1.6687,2.5234
1.9129,2.3606
1.5873,3.9479
1.628,3.8665
1.3024,2.6048
0.0814,2.035
1.5059,2.8897
0.6919,2.6455
2.035,2.9711
0.4884,2.4827
0.407,2.4827
0.814,1.3024
2.1571,3.1746
0.5698,2.8897
1.6687,1.3838
1.4245,2.4013
0.2035,2.6455
1.6687,2.6862
1.0175,3.0118
1.9129,3.9479
2.1571,4.2328
0.8954,2.9304
0.6105,3.1746
0.8954,1.7094
0.6512,2.6862
1.3024,1.221
0.4884,3.7037
0.7326,1.8722
0.9768,2.4827
1.9536,4.3549
1.9943,4.5991
0.6919,2.7676
0.6105,3.2153
0.8547,3.1339
1.7908,2.4827
0.9768,3.5409
2.4013,3.9886
0.2035,1.4245
0.1221,2.6862
1.7908,1.8722
1.221,3.256
1.1803,3.5002
0.0814,2.5234
1.9129,2.1164
0.6105,3.0118
-0.3663,2.5641
0.814,1.5059
1.2617,3.4188
1.5059,2.1571
1.1396,3.8665
1.7094,2.6862
1.9536,2.1571
0.5291,2.8897
2.0757,3.3781
1.3838,3.0118
1.7908,3.9072
1.1396,2.5234
0.6105,1.9943
1.221,2.8897
-0.0407,2.4013
1.221,2.7676
1.7908,3.2967
1.5873,3.5002
0.9768,3.0932
-0.2849,2.8083
1.1803,2.8083
1.0175,1.7094
1.5466,2.8897
1.4652,2.6862
0.3256,3.8665
0.814,3.1746
1.4245,2.849
1.3838,3.0525
0.6512,2.6862
1.4652,3.3374
0,2.2385
0.5291,2.849
0.9768,1.221
0.2035,2.7676
1.1803,3.663
0.9768,3.2153
1.0175,3.256
0.9768,3.2153
1.221,2.6048
1.3838,3.2967
0.4884,2.5234
2.7676,3.1746
0.7733,1.3431
-0.4477,5.0875
0.9768,2.442
1.628,3.0525
0.6512,2.8083
0,2.6048
0.1221,2.5641
-0.407,3.0932
1.1803,3.1339
1.7094,2.1978
0.4884,2.5641
1.3431,2.849
0.4477,1.9536
1.7501,2.5234
0.6512,2.6455
1.0582,2.0757
2.1571,2.442
2.2385,2.5641
0.8954,2.9304
0.3663,2.442
-0.0814,2.9711
1.5466,3.0932
1.9129,3.7851
1.1803,2.849
1.3431,3.663
0.7326,3.256
0.5291,3.0932
0.4477,2.9711
2.5641,2.849
0.5698,3.3374
2.0757,3.1746
-0.1628,3.5002
1.7908,2.6048
0.814,3.9479
0.9768,1.9943
0.8547,2.6862
0.2442,1.5059
0.1221,1.221
1.628,4.1514
1.221,3.9886
0.8547,1.8722
1.9536,3.3781
1.1396,4.2328
1.3024,4.5991
0.8547,1.5873
0.6919,3.4188
0.407,1.7094
0.6512,1.9129
0.7733,2.1571
1.0175,2.8897
1.3838,3.8258
1.9536,3.7444
0.8954,2.6048
1.3838,3.7037
1.2617,2.4827
1.5873,3.0525
0.3256,2.3606
1.7908,4.5584
2.1164,4.9247
0.7326,3.3781
1.3838,2.1571
0.7733,3.0525
1.628,4.3142
1.7501,2.6455
0.5291,1.9536
0.6512,3.1339
1.221,2.6455
1.4245,3.0525
1.4245,3.0118
1.3431,3.0932
0.0407,2.6862
2.1164,2.2792
0.1221,3.1746
-0.814,1.8722
1.9536,2.6048
0.3663,1.3431
-0.0814,1.9129
0.8547,3.2967
1.8315,3.3781
1.9943,3.4188
0.7733,2.0757
0.8954,3.7444
0.8547,1.9129
0.2035,3.256
1.2617,1.8315
0.407,2.3199
0.6105,1.7094
0.814,2.8083
1.5059,2.442
1.9536,2.3606
-0.0407,2.5234
1.3838,3.663
0.4477,1.3431
1.5466,3.8258
0.0814,1.7501
0.5698,1.9943
1.221,2.4827
1.1803,2.8083
0.6512,2.6048
0.6919,2.3606
0.6919,1.9943
0.9361,3.7037
1.3431,2.6455
-0.5291,1.3838
1.3431,2.8083
-0.1221,3.4188
0.6919,3.0932
-0.1221,1.7908
0.5698,2.8083
1.6687,2.9711
0.3663,1.5873
0.407,1.5873
0.407,2.1164
1.3838,2.6048
0.8954,1.7501
0.5291,1.8315
0.7326,2.035
0.0814,2.7269
0.6512,2.2385
1.3431,2.0757
0.4884,2.2792
0.5291,2.4013
0.6105,2.2792
0.814,1.628
0.6105,4.1107
1.2617,1.9536
0.5698,1.9129
0.3663,2.2385
0.407,1.7501
0.6919,1.5466
0.8954,1.1803
0.7733,1.3838
-0.2849,1.8315
0.4884,0.1221
1.2617,1.8722
-0.5291,2.3606
0.5291,2.9711
1.1803,0.3663
0.8954,2.4827
0.5291,3.0932
0.4884,1.628
-0.0407,1.4652
-0.1221,1.4245
1.7908,2.1978
0.1628,0.8954
1.3431,2.3199
0.8954,3.9479
0.5291,1.7501
0.4884,1.3431
0.7326,1.3838
-0.1628,2.3199
0.5291,2.035
0.814,1.8315
0.5291,2.7269
0.6919,2.7676
0.407,3.4188
0.3663,3.1746
-0.0407,2.4827
1.0175,3.8258
0.5698,0.8954
1.1803,1.7908
1.3024,2.2385
1.628,2.3606
1.0175,3.3781
0.2035,1.221
-0.3663,2.1571
0.3256,2.035
0.9768,0.6919
-0.2035,2.6048
0.8954,0.9361
0.1628,2.4827
0.6512,2.2385
-0.3663,1.2617
-0.5291,1.3024
1.5059,2.3199
0.4884,1.9536
0.0407,1.6687
1.5466,2.3606
0.2035,1.8315
0.4884,1.6687
0.2849,1.221
0.3663,1.9943
0.3256,0.9768
0.3256,0.7733
0.5698,0.814
1.628,3.5409
-0.0407,2.6862
0.3256,0.7733
-0.8954,3.1746
-0.0407,-0.1628
1.0582,3.0118
-0.0814,1.3024
0.4884,1.3431
-0.8547,1.221
-0.9361,1.0582
2.1978,1.4245
-0.8547,3.1746
0.4884,0.5698
0.6512,0.814
-0.1628,3.5002
1.0582,1.5873
0.3663,2.6048
-0.0407,1.9129
0.1221,1.3838
0.6512,1.9129
0.5291,1.9943
-0.6919,2.4013
0.2849,2.035
0.5291,1.1396
-0.4477,1.5466
0.2035,0.8954
-0.1628,0.8547
1.0175,1.8315
0.4477,3.3781
0.0814,1.5059
-0.1628,1.3431
0.2849,2.6862
0.6919,0.7326
0.6105,2.0757
-1.1396,1.0582
0.7733,2.1978
0.1221,1.628
0.0814,1.5466
-0.5291,0.4884
0.8547,1.0989
0.9768,1.0989
-0.0407,0.6512
1.1396,3.0118
-0.3256,0.9768
0.5698,1.0175
0.5291,1.8315
0.1628,1.8315
0.1628,1.1396
0.4477,1.5466
0.2035,0.6512
0.1221,0.4477
0.8547,0.4477
-0.407,0.3663
-0.4884,1.0175
0.3663,2.1164
-0.7326,0.9361
0.6512,2.2385
0.2035,1.6687
0.4884,1.8315
-0.7326,0.8954
-0.4477,0.9361
-0.3256,1.0989
0.0407,1.5873
0.1221,0.1221
-0.6919,1.4652
0,2.6862
-0.8954,0.3256
0.6512,2.2792
-0.9361,0.8954
-1.0175,1.628
1.0989,1.3024
1.3838,1.4652
0.7326,0.7733
-1.2617,1.3838
0.2442,1.5059
-0.0407,2.6455
0.6105,1.8315
-0.4477,1.0582
0.0814,1.8315
0.2849,2.9711
-0.5698,2.1978
0,0.5291
-0.0814,0.3663
1.0989,1.0989
0.4477,3.256
-1.1396,0.7733
1.628,2.6048
0.2442,0.5291
-0.1221,0.7326
-0.0814,1.4652
0.2442,1.8722
0.6512,2.8083
0.7326,2.8083
-0.3256,2.442
-0.4477,2.8897
-0.9361,3.3374
0.5698,2.9711
-0.9768,4.2735
0.6512,2.7676
1.5059,3.4188
0.6105,2.8083
-0.3256,3.1339
1.5059,2.0757
1.4245,2.035
0.4884,1.3431
-0.2849,2.6862
1.4652,2.7676
-1.1396,1.5873
1.4652,1.5466
-0.6105,2.2385
0.1221,1.5873
-1.0582,0.9768
-0.2849,2.2792
-0.2442,1.1396
-0.2035,1.0175
-0.7326,1.9943
0.0814,2.4013
0.9361,0.7733
0.4884,3.4595
-0.2442,1.7908
0.1628,1.9536
0.2035,3.1746
-0.6105,2.1164
-0.7733,1.7908
1.221,0.6105
-0.2442,1.0582
0.6512,1.4245
-0.5291,1.3431
-0.2442,2.8083
-0.0814,1.9129
-1.1396,2.9304
-0.9768,2.849
-1.1396,4.07
-1.0175,3.7444
-0.8547,3.7851
-0.9361,3.4188
-0.5698,4.07
-1.4245,3.3781
-1.4652,5.0061
-2.1978,3.3374
-1.6687,3.0525
-1.3431,3.9479
-1.221,2.7676
-2.035,4.3142
-2.1571,4.6805
-0.6919,4.477
-1.5059,3.0525
-1.1396,4.3956
-2.1164,5.0875
-1.7501,4.2735
-0.5291,4.1514
-1.1396,4.4363
-0.8547,3.0525
-2.035,4.07
-2.2385,3.9886
-2.442,3.8665
-2.2792,5.8201
-0.9361,3.7444
-1.3838,3.8258
-1.7501,2.5641
-1.2617,6.0236
-1.1396,4.5991
-1.4652,3.5409
-2.2792,4.4363
-0.9361,4.3142
-0.5291,4.1107
-0.6105,3.4188
-2.3199,4.07
-0.8954,3.256
-0.5291,3.7444
-0.4884,6.8376
-1.9536,3.3374
-0.5291,3.6223
-1.1803,2.6455
-1.0175,3.4595
-0.9768,3.1339
-1.0175,3.256
-1.1803,4.07
-1.0989,3.9072
-0.0407,3.9479
-2.4827,2.7269
-0.4477,3.5409
-1.3838,4.2328
-1.1803,4.07
-1.0175,3.3781
-0.6105,4.9247
-0.7326,5.2503
-1.7094,3.4188
-1.6687,5.7387
-2.035,4.07
-1.0582,4.7212
-0.4884,3.0932
-1.628,3.8665
-1.5873,3.6223
-1.9943,4.0293
-0.407,4.3142
-1.2617,5.1689
-1.0989,5.2096
-1.4245,3.5816
-1.5466,3.663
-2.4827,4.2328
-1.0582,3.1746
-1.3024,4.3549
-1.8315,4.4363
-1.3024,3.4188
-0.407,2.442
-2.1571,3.0932
-2.1164,3.3781
-1.2617,5.4131
-2.4827,2.849
-0.5291,5.1282
-1.8722,2.8897
-0.9361,4.3549
-1.7908,2.7269
-1.1803,4.3142
-1.7501,3.6223
0.0814,5.5759
0.2849,5.9422
-0.6512,3.256
-1.3024,2.7269
-0.6105,4.6398
-1.9943,2.849
-1.221,3.2967
-2.035,3.5002
-0.5291,4.9654
-1.7908,4.3549
-1.0175,4.8026
-1.0175,5.1282
-1.221,5.0061
-0.4884,5.291
-1.9129,4.7212
-0.7733,3.663
-1.628,3.5816
-1.0582,5.3724
-0.7733,3.663
-1.1396,3.3374
-0.8954,3.8258
-0.9361,2.6862
-0.9361,2.4827
-2.3606,3.663
-1.7501,3.3374
-0.407,5.4945
-1.0989,3.6223
-0.8954,5.6166
-1.5466,3.1339
-2.035,3.8665
-0.6512,4.7619
-1.1396,3.7037
-1.628,2.5234
-1.5466,2.6455
-1.3431,4.884
-3.7444,0.7326
-0.5291,3.4188
-1.4245,4.3549
-1.628,2.2792
-0.1628,3.5002
-1.5059,3.9479
-0.8547,2.849
-0.7733,5.3724
-0.6512,5.6573
-2.3199,2.0757
-0.8954,3.0932
-1.9536,1.8722
-1.1396,4.0293
-0.9768,4.0293
-1.7908,4.5991
-0.6919,4.3956
-1.0175,3.9886
-1.5059,2.3606
-0.8954,3.0932
-1.0175,3.0932
-1.0989,2.7676
-1.3024,4.07
-0.9361,4.8026
-1.1396,3.9886
-0.3256,2.8083
-2.1978,3.5816
-0.8954,3.5816
-1.7908,3.1746
-0.5291,3.7444
-0.407,3.7037
-1.7908,1.3431
-1.1803,3.663
-2.4013,2.7269
-0.3256,2.7269
-0.8547,5.9422
-1.3838,3.2153
-1.3024,4.1921
-1.2617,3.9072
-1.1396,4.1107
-0.2035,4.3142
0,4.4363
-1.5873,3.0118
-0.9768,4.7212
-1.0989,2.0757
-0.9361,3.4188
-2.2385,3.6223
-0.1628,5.3724
-0.8547,3.8665
-0.5291,4.6398
-0.6919,3.8665
-0.8954,3.8665
-1.0175,4.884
-0.0814,3.5816
-1.0175,5.1689
-1.3431,4.5177
-0.6919,3.6223
-1.1803,4.5584
-0.7733,4.3142
-1.3838,4.6805
0.0814,5.5352
0.2035,5.5352
0.407,3.7037
-0.3256,4.1921
-0.4477,4.3549
-0.2849,4.3549
-0.9361,4.0293
-0.6105,4.8026
-0.5291,4.477
-0.8954,4.9654
-1.221,4.2735
0.8547,4.9247
1.1396,4.9247
-1.5466,4.3142
-0.6512,5.5759
0.7733,4.1514
-1.628,2.8897
-1.0989,3.9886
-1.0582,4.3142
-0.8954,3.8258
-0.1628,5.5759
-1.4652,3.2967
-1.221,3.1746
0.3663,6.1864
-0.2035,5.0875
-1.628,3.1746
-1.7094,5.3317
0.2849,6.2678
-0.7733,4.2328
-0.7733,4.0293
-0.3256,6.2678
-1.3024,3.0118
0.2849,5.5352
0.3256,5.5759
-0.6105,4.5991
-1.0989,4.07
-0.9361,5.6573
-1.0582,3.5409
-0.6919,4.884
-1.4652,4.5584
-0.407,4.7619
-0.6512,5.0875
-0.4884,6.3492
-0.5291,6.3899
-0.2849,4.477
-1.0989,4.6805
-0.4884,7.1632
-0.4477,5.6573
0.3663,6.7969
-1.628,4.9247
0.0407,5.3724
-0.9768,5.0061
-0.0814,6.1457
-0.3663,4.9247
-0.5291,5.0468
-0.8547,5.4131
-1.4245,5.0875
1.0989,5.0468
0.4884,6.1864
-0.8954,4.9247
-1.2617,5.2096
-1.0989,4.3956
-0.2035,5.9422
-0.2442,7.3667
-0.2035,7.5702
-0.5291,5.3317
0.8547,5.4538
-0.2849,6.2678
-1.0582,4.8026
-0.6512,6.3085
-0.2442,4.9247
-0.7733,6.0643
-1.0989,6.1864
0.3256,4.5991
-0.9768,5.5759
-1.221,5.5759
-0.1221,7.1632
-0.3256,5.8608
-0.2035,5.9422
-0.9361,4.884
-1.5466,6.5527
-0.9768,5.8608
0.0814,6.1457
0.2442,4.2735
0.1221,5.4131
0.0407,5.4538
-1.221,6.4713
-0.1628,5.7794
-1.5466,4.1921
-0.3663,5.5759
-1.0175,4.477
-0.7733,5.8201
-1.5873,5.5352
0.6512,6.0236
-1.5059,5.7794
-1.628,5.5759
0.407,5.9015
-0.8547,4.7619
-1.4652,6.8783
0.9768,7.1225
-0.9768,7.1225
-1.3431,5.7387
-0.7326,5.7387
-0.6512,5.698
-1.2617,5.291
-0.0407,5.7387
0.1221,5.8201
-1.3024,6.105
-2.5641,4.4363
0,5.0468
-1.221,5.9422
-0.6512,5.9015
-0.4884,5.9015
-0.3663,5.9015
0.1221,8.1807
-0.8547,5.9422
-0.9361,5.698
-1.5059,7.7737
0.8954,7.4481
-1.221,5.0875
-0.7326,7.8958
1.1396,6.2271
-0.2035,3.6223
-0.1628,5.1689
1.9129,4.7212
1.5466,5.4538
0.4884,5.8201
0.3663,5.7794
1.4652,4.0293
0.8954,4.5177
-0.8954,2.0757
0.0814,4.5584
0.1628,3.5409
0.1628,4.1107
0.3256,2.7676
-0.0814,4.1514
-0.5698,4.1514
-0.5291,4.07
-0.3663,1.7908
-1.1396,3.9479
1.1396,2.849
-0.407,2.7269
-0.4884,4.2735
0.0407,3.5409
0.3256,3.1746
-1.3431,2.3199
1.0582,4.3142
1.3024,4.6398
-0.8547,3.1746
1.0175,4.7619
0.5291,4.1107
0.0407,5.4945
0.3256,2.1978
-0.2442,4.1921
0.8954,5.0061
-0.1221,1.9129
0.7733,3.663
0.2849,3.9072
0.2035,3.7444
-0.1628,3.9479
-0.2035,3.9479
0.2035,4.7619
0.9768,4.6398
0.4884,4.1514
0.3256,5.3317
0.3256,5.4538
0.8954,3.7851
0.2035,3.1746
0.1221,4.8026
0.2442,4.9654
-0.814,2.6048
0.9361,4.8026
-0.4884,3.6223
-0.8954,2.1164
0.7733,3.9072
-0.2035,4.5177
0.1628,3.4188
0.2035,4.07
0.4477,4.3549
0.6105,4.3549
-0.1628,3.2967
0.8547,3.4595
0.3256,2.442
-0.3663,3.3781
0.3256,2.9304
-0.2035,2.5641
0.9768,3.9479
0.3663,3.7851
0.1221,2.8083
0.1221,2.7676
0.3663,5.6573
-1.0175,2.6048
-0.2035,2.2792
0.0814,2.5234
0.4884,4.1921
-0.0814,3.7037
-0.4477,2.6048
0.3256,3.5002
0.0407,3.5002
-0.4477,3.4595
-0.5291,3.3374
1.0989,3.4188
0.7326,2.849
0.2035,4.884
0.8547,6.4306
0.4884,3.5002
0.4884,4.7212
1.2617,3.663
0.2849,3.7444
1.0582,3.256
1.0582,3.1339
-0.2442,4.477
0.4477,4.5584
-0.0407,3.7851
0.814,5.3724
0.4884,2.6862
0.8954,3.7037
1.7908,4.884
1.0582,5.291
0.6919,3.7037
0.7326,3.5816
0.3663,5.6573
0.407,4.7619
0.9361,5.0061
-0.6105,2.6455
0.6105,4.8026
0.4477,3.1746
0.0814,4.07
0.3663,5.8201
1.221,3.3781
0.0407,3.2967
-0.2035,3.3374
0.1628,5.291
0.0814,3.5816
1.0582,4.8026
0.7326,5.6573
2.035,4.3956
0.2849,4.884
0.5698,5.4131
0.6105,4.0293
1.0582,3.1339
0.8954,3.0525
-0.0407,4.477
0.7733,3.663
1.5059,4.0293
-0.3256,5.9422
1.5059,4.5177
0.2442,3.5409
0.8547,3.7851
1.7501,4.0293
0.814,5.7387
0.2035,4.2328
0.4477,4.2735
0.6105,5.6166
1.0582,3.8665
1.0582,4.8026
0.1221,2.5641
0.2442,4.2328
0.8547,4.8433
0.407,3.7444
0.7733,5.1282
1.1396,3.9886
0.9361,4.477
0.814,4.477
0.6105,3.663
1.3431,4.5177
0.9361,3.1746
1.0582,5.4131
1.5059,3.7444
0.5698,4.1514
1.5059,3.4595
1.8722,4.1107
1.4652,4.3549
1.4652,4.2328
1.221,4.5177
0.5291,3.1339
1.1803,5.3724
0.8547,4.07
1.0582,4.5584
1.4652,4.5177
0.814,4.0293
0.4884,4.4363
1.0582,3.256
1.0582,3.0932
1.1396,4.477
0.7733,3.2967
1.6687,5.8608
0.3256,3.2967
0.9768,4.6398
1.3431,4.1107
1.3431,4.3956
1.3838,4.07
0.1628,5.0061
1.7908,4.3142
1.9943,4.4363
0.3663,3.256
2.1571,3.3781
0.7733,4.1107
0.814,3.9886
0.814,5.3317
0.7326,4.5991
0.407,4.7619
1.221,5.3317
1.0989,3.8258
0.9361,3.6223
0.2035,4.3549
1.5873,5.8201
1.8315,4.1514
1.5873,5.3724
0.6512,4.7619
0.5698,4.3956
1.0175,4.884
1.4245,4.9654
1.7501,4.2328
1.5873,4.07
0.1628,2.9711
1.3838,5.1282
0.814,6.4306
0.9768,4.3549
1.221,4.9654
0.814,5.1689
0.6512,5.4131
1.8722,5.5759
1.6687,3.1339
0.3663,5.9422
0.4884,6.105
1.7501,4.5177
0.7733,5.3317
2.2385,5.3724
0.6919,4.1921
1.1803,5.1689
1.3024,4.1514
2.035,5.6573
1.0175,5.0468
1.5873,5.0875
1.6687,5.2096
1.3838,5.9422
1.221,4.4363
2.1571,4.7619
1.1396,3.7851
1.4245,5.0468
1.5873,4.8433
1.3838,4.9247
0.8547,4.6805
2.1164,6.2271
0.8547,4.8433
0.7733,4.6805
2.3606,3.8665
0.9768,5.5352
1.6687,4.8433
1.7094,5.5759
1.9129,5.0061
0.814,5.3317
2.1978,5.2096
1.3024,5.291
1.0989,5.1282
1.4245,4.7619
1.8722,4.8026
2.3606,4.6805
1.0582,6.512
1.628,3.3781
1.5059,5.3724
1.7908,5.1689
2.0757,4.5584
0.8547,4.5991
2.2385,5.1282
0.9768,4.477
0.8547,4.7212
1.5059,5.8201
1.221,5.1689
1.4652,5.5352
0.2442,4.3549
1.7094,4.6398
1.1396,4.3956
2.0757,4.5177
1.1396,5.3317
1.7094,4.6805
1.5466,4.477
1.4245,5.6573
1.1803,4.8026
1.1396,3.5816
1.1396,5.4945
0.6919,5.3317
1.8722,4.9654
1.4245,4.9654
-0.3663,5.2096
1.9943,4.8026
0.2442,4.4363
0.2442,4.477
2.4013,4.1107
1.5873,5.6573
-0.0814,4.3956
1.9943,5.3724
1.5059,5.5759
1.5466,5.2503
0.6512,4.9654
1.8315,5.6166
0.8547,4.5584
1.1396,4.5584
1.8315,5.5759
0.814,4.3142
1.0582,5.5352
0.6105,4.8433
0.6105,3.9886
1.1803,3.4188
1.8315,4.9654
1.7908,6.0643
1.5059,5.1282
1.628,5.3317
2.2792,5.2096
0.3256,5.0468
1.7908,5.698
2.0757,5.0875
0.1221,5.3317
1.1803,4.6805
0.8547,5.0468
1.6687,4.3549
1.6687,3.9886
1.5059,5.0875
1.3838,5.1282
1.2617,5.0875
1.5059,5.9015
1.0582,5.9829
1.7094,5.1282
1.3024,5.0468
1.221,3.9072
1.1396,4.4363
0.8954,4.5177
1.1803,6.3492
1.0582,6.4306
1.3838,5.3724
1.7908,4.6398
0.8954,4.6398
1.5466,4.477
1.4652,4.5584
1.628,4.9654
1.1396,4.6805
1.1396,5.0875
0.6512,5.0875
1.7501,6.1864
1.8315,6.3492
1.4652,4.9654
0.6919,4.8433
2.5234,6.0236
1.4245,4.8026
1.5466,5.7387
1.221,4.7619
1.1803,5.698
2.1978,5.291
1.5466,5.0875
1.0989,4.9654
1.1396,4.8433
1.9129,4.2735
1.1396,4.8433
1.5059,3.8258
1.2617,4.9247
1.3838,5.7794
0.8547,5.5759
1.8722,3.8665
1.4652,4.7619
0.6512,4.5584
0.5698,4.477
1.8722,5.5759
1.221,5.698
1.9536,5.0875
1.628,5.2096
2.0757,4.5584
1.5873,5.4131
1.3838,6.105
2.2792,5.698
-1.0582,5.4538
-1.1803,5.3724
2.1978,4.1921
1.7908,4.5584
1.7094,6.3085
0.4884,5.0875
1.3024,5.3317
1.3838,4.3956
2.0757,5.0875
1.3431,6.0236
1.3431,4.1107
1.4652,3.9886
2.035,5.6573
1.4652,6.7562
2.0757,5.291
1.628,5.5352
1.9536,4.5177
0.9768,5.4131
2.0757,4.8433
1.9129,4.477
2.442,5.1689
1.0989,5.3724
0.9361,5.3317
2.1164,6.0643
1.5059,5.4538
2.1571,5.5759
1.0989,5.0061
1.9129,4.9247
0.9768,4.8026
1.5466,6.3492
2.4827,5.4945
2.4013,5.2503
2.1571,5.2503
0.8547,2.9711
1.9129,5.5352
0.9768,4.884
1.0989,4.6805
2.1978,4.884
1.4652,5.2096
1.628,3.9886
1.1396,5.4131
2.6455,5.3317
0.407,4.2735
0.4477,4.3142
0.4477,3.9479
1.7908,4.9247
1.6687,5.4131
1.3838,3.5409
1.7094,4.8433
1.3431,2.8083
1.6687,3.5409
0.4884,4.4363
1.6687,5.6573
1.628,5.8608
1.3431,4.8433
1.4245,4.1514
0.6512,3.6223
2.8897,6.4306
1.3024,4.0293
1.3024,5.3317
2.1978,4.477
1.5873,6.1864
2.1164,4.07
0,4.9247
-0.3256,4.9247
1.6687,4.4363
1.9536,4.4363
0.8954,4.2735
1.6687,3.8665
1.0175,4.6398
1.4652,4.4363
1.5466,5.291
1.7094,4.5584
1.628,4.5991
0.6512,2.9711
0.7326,2.9711
1.9129,4.6805
1.3431,4.5177
1.2617,3.8258
1.6687,5.0875
1.5466,4.2328
0.814,3.663
0.6512,3.4595
2.5234,5.4538
1.3838,5.5759
1.4245,5.7387
2.6862,5.4945
-0.2035,4.477
2.2792,5.1282
1.2617,4.0293
0.407,3.4595
1.5466,4.477
1.8315,4.3142
1.5873,3.9072
1.221,3.9479
1.1396,4.1107
1.6687,4.4363
0.7326,3.4188
1.628,4.9654
1.628,5.3317
1.0989,3.9072
2.1164,3.8665
1.3838,4.1921
0.9361,4.4363
1.8722,4.2328
1.8315,4.2735
0.4884,4.5584
3.1339,4.8433
0.814,5.0061
-0.0407,4.2328
2.5234,4.7619
1.8315,5.4538
0.5698,3.4595
0.5291,3.0932
1.9536,4.2328
1.0175,4.2328
1.0582,4.2328
1.1803,3.9886
2.9304,5.0061
1.3024,3.8258
1.9943,5.5352
0.1221,3.0932
1.4652,4.07
1.1803,3.7444
0.0814,5.5352
2.5234,4.1514
2.6048,4.1921
0.6512,3.7851
1.628,5.0468
-0.1221,3.0118
1.5059,3.5816
0.8547,4.4363
0.8547,4.6398
1.5059,4.0293
2.0757,4.1514
0.3256,3.6223
0.9361,3.7037
0.8547,3.6223
0,3.9072
2.5641,4.6398
-0.4884,2.9304
0,3.0525
1.1396,3.663
0.4884,3.256
1.1803,4.1921
0.5291,4.1921
0.6512,3.9886
0.7326,3.7851
1.4652,5.5759
0.9768,3.2153
1.2617,4.9247
1.3838,3.9886
0.9768,3.5002
1.2617,4.1107
1.3838,3.8665
1.4652,2.9304
1.0989,4.2735
0.9768,3.9072
0.8547,3.9886
1.0175,4.5991
1.9536,4.6398
2.1978,4.1921
0.7326,3.7037
0.814,2.9304
1.5873,4.5584
2.9711,4.9247
0.9768,5.4131
1.5059,3.1339
1.3838,3.0118
1.5466,4.8026
0.9768,3.663
0.2035,4.3142
0.3663,3.0932
0.6512,2.035
1.8315,3.4595
0.0407,3.0118
2.1164,3.5002
1.1396,4.1921
0.8954,4.07
2.6862,4.0293
0.2442,3.0932
1.4245,4.3549
0.8547,4.3549
1.9536,3.5002
1.2617,2.9304
1.2617,3.0932
0.814,3.9479
0.2442,2.5234
2.0757,4.4363
2.1571,4.5991
0.7326,2.035
0.8954,3.5816
1.9129,3.9886
1.0175,2.7676
0.7326,3.7037
1.8315,3.8665
0.9768,3.9072
1.628,2.6862
1.4652,5.3317
1.3431,5.4131
2.8897,3.2967
0.5291,4.7212
2.1571,4.2328
1.3024,3.5002
1.4652,4.2735
1.4245,3.8258
1.7908,5.1689
1.1396,4.8026
1.7501,5.2096
1.7908,3.3374
1.6687,3.1339
1.8722,5.3317
1.8315,3.8665
0.4884,3.4595
2.4013,3.8665
1.5873,4.2735
2.4827,3.3374
0.4477,2.1978
2.1164,4.8026
1.9536,3.7851
2.1164,3.5816
2.1978,3.5816
2.1164,4.1107
0.7326,3.7444
1.221,3.7444
1.7908,3.9886
1.3431,4.2328
1.3838,3.5002
1.3838,5.1282
2.7676,3.3781
1.3024,4.884
1.1803,5.0061
2.0757,3.663
1.8315,3.0525
1.5466,4.2328
2.0757,4.7212
1.9536,3.0525
2.6455,4.9247
1.4652,4.5177
3.0118,3.1746
1.3838,6.3085
1.3024,6.3085
0.7733,1.7908
1.3838,4.5991
2.7676,2.9711
1.221,4.0293
1.628,3.0118
2.3606,4.6805
1.1396,4.7212
2.1164,3.4188
1.221,5.0468
0.8547,4.5584
1.0175,4.5177
2.4013,3.9072
1.3838,3.9072
2.2792,4.477
1.0989,4.2735
2.0757,4.1514
1.3838,4.3549
1.0582,2.9711
2.1164,2.7269
2.1571,4.5991
2.1978,4.8026
2.3199,4.3142
1.7908,3.663
1.7094,3.8665
1.7501,4.07
1.6687,3.256
2.442,3.9886
1.8315,3.7037
1.1396,3.5409
2.0757,3.4595
1.9129,3.4595
3.2967,4.5991
0.8547,2.442
1.5059,4.3549
1.9943,3.5002
2.4013,5.1282
1.4245,4.7619
1.7501,5.0875
1.8722,3.7444
2.1571,3.3374
2.1978,4.1921
2.0757,4.1514
2.035,3.8665
0.9361,3.256
1.3024,5.0875
1.8315,4.1921
1.7501,4.5991
1.0989,3.8258
2.0757,3.8258
1.3024,4.6805
1.7501,6.0643
1.8722,6.0643
1.9943,3.5409
0.9768,5.4538
2.0757,3.663
1.6687,3.3374
1.4652,4.2735
1.7908,4.5991
2.6455,3.9072
1.2617,3.8665
1.5466,4.5991
1.7501,4.8026
1.7908,4.7619
1.3838,4.1514
1.5059,3.7851
2.7269,4.6398
1.5873,4.2328
1.1396,4.9247
2.035,4.6398
1.5466,3.256
1.3431,5.0875
2.9711,3.1746
3.0525,3.0932
1.0582,4.2328
2.4013,3.1339
1.3431,3.8258
1.221,4.6398
1.3431,3.9886
1.5873,3.4595
1.221,5.291
2.5234,3.3781
1.3024,4.5177
0.4884,4.0293
0.6105,4.0293
1.7094,4.477
1.7501,5.0875
1.2617,4.8026
2.035,4.2328
1.9943,4.3956
1.8722,4.2735
1.9129,4.1107
1.0175,3.7444
1.9536,4.6398
2.0757,4.884
0.6105,3.0932
1.2617,2.1978
0.9361,3.6223
1.5059,3.7037
0.8954,4.1514
1.221,2.6862
0.6512,4.07
1.0582,4.07
1.7501,2.7676
1.8315,2.7676
2.6048,4.5991
1.3024,3.7037
1.221,5.0468
1.9129,3.663
0.9361,5.0061
1.4652,4.3142
1.5466,4.1514
0.1221,4.1107
1.628,4.9654
2.1164,4.0293
2.0757,3.8665
0.9768,4.8026
1.8722,3.3781
0.9361,4.3956
1.0582,4.2328
0.6919,3.2153
1.3024,3.5816
1.5059,3.5409
1.9129,3.663
0.6919,3.6223
0.7733,3.5816
1.2617,3.663
2.5234,4.5177
0.7326,4.3142
1.628,3.9072
0.8954,3.1339
1.7501,4.2735
1.5466,5.5759
0.2035,3.3781
1.8722,4.3142
1.1396,4.0293
1.0989,4.1107
2.1978,3.4595
1.6687,4.3142
1.1803,3.663
1.3431,5.0061
0.814,3.8258
0.4884,3.663
1.0175,3.4188
0.8954,3.4188
0.7326,4.1921
0.6512,4.2328
1.1396,2.6862
0.3256,3.7851
1.4652,4.477
-0.6512,2.4827
0.4477,3.1339
1.3838,3.7037
1.7908,3.2967
-0.2849,3.5409
1.3024,3.9886
1.4245,4.2735
1.4245,4.1514
1.0989,2.6455
1.9943,4.6398
0.3663,3.5002
0.9768,3.0932
1.221,2.8083
-0.0814,2.6862
1.5466,3.9479
-0.3256,2.4827
3.0932,5.1689
3.2967,5.1282
0.0814,4.7619
1.1803,4.5177
0.407,3.1746
1.221,2.849
1.3024,2.6048
-0.2849,4.3142
2.1164,4.3549
1.1396,2.4013
0.6919,3.7851
0.2035,4.1921
0.1221,4.3956
0.3663,4.5584
0.3256,2.2792
1.0582,2.6455
0.5698,3.9479
1.8315,3.4188
0.2442,3.5409
2.0757,4.5584
0.5291,3.9072
0.8547,3.663
0.8547,3.6223
1.221,3.6223
1.221,3.256
0.6512,3.5002
0.9768,3.4188
2.1164,3.3781
0.0407,4.07
0.8954,3.7444
0.6919,2.9304
0.6919,3.9479
0.6105,3.8665
-0.6512,1.8315
0.2442,1.8315
0.5291,3.7037
0.9768,2.442
0.0814,2.5641
0.6105,3.5409
0.6105,3.5409
2.2792,3.5409
-0.2849,1.9943
1.9943,4.2735
2.1571,4.3956
-0.0407,3.1339
1.3431,3.663
0.2849,3.3374
-0.5698,1.628
1.0582,1.628
1.628,4.9654
0.9768,2.1164
-0.2035,2.4013
2.5234,3.2967
2.5641,3.3781
0.2442,3.2153
1.2617,2.2792
-0.3256,2.6455
1.0175,2.4827
-0.1221,1.8722
1.4652,3.8665
0.2849,4.5177
0.9768,2.035
1.4652,2.9711
0.3663,3.0118
0.2849,2.849
0.6105,3.1746
1.1396,2.4827
0.7733,2.8897
-0.3663,1.9129
0.5698,2.6455
1.3431,3.0118
0.6919,4.1921
0.3256,4.0293
1.0989,1.5466
1.1396,1.3431
1.7908,4.5584
1.1396,2.8897
1.5873,4.477
0.0814,2.0757
0.8954,2.5234
1.0582,2.2385
0.7326,2.3606
-0.1628,3.6223
-0.7326,2.3606
2.8897,3.1339
2.9304,3.1746
0.3256,2.8897
0.9768,2.7269
0.407,3.2153
-0.1628,2.6048
0.1221,2.8083
0.0814,2.1164
-0.2849,2.035
-0.9768,1.9129
1.0989,1.2617
0.8954,1.3838
0.2849,2.7269
0.8547,3.0118
0.3256,2.1978
1.3024,2.4013
0.6919,2.3199
-0.3256,4.0293
0.3663,1.8315
0.9768,2.8897
-0.5698,3.2967
1.3024,2.8083
1.5059,2.6862
0.814,4.5991
1.8315,2.1978
-0.3663,2.6048
1.7094,3.1746
0.0407,3.7444
1.9536,2.8897
-0.0814,1.5873
1.3024,3.7037
0.2442,1.8722
0.4477,1.8722
0.814,3.8258
0.9768,2.9304
-0.1628,2.5641
-0.2849,2.7676
0.8954,3.0118
0.1628,2.3606
1.1396,2.5234
0.8954,2.5641
0,0.9361
0.3256,0.9361
0.3256,3.5816
0.814,3.0932
-0.2849,1.6687
-0.0407,3.0525
0.8547,2.8897
-0.0814,1.5059
0.6512,2.4827
0.0407,2.849
1.1803,3.6223
1.221,2.3199
1.0989,2.2385
-0.0814,3.0525
0.7326,2.7269
0.7733,2.6862
0.8954,2.7269
1.1803,2.849
-0.5291,2.1571
1.7094,3.4188
0.7326,3.0118
-0.407,2.442
-0.4884,2.1571
1.3838,4.2735
1.7094,3.3374
1.1396,3.9072
0.6512,2.1164
-0.1221,1.9943
1.7094,3.5409
-0.407,2.4827
1.221,1.628
0.5698,2.5641
0.2849,3.0932
0.6512,3.2153
0.5291,3.1339
-0.1628,3.8258
0.1628,1.7908
0.6105,2.4827
0.5698,0.8547
-0.0814,1.0582
1.1803,3.9886
0.4884,2.4827
0.6512,3.5816
0.7733,3.6223
1.7501,4.8026
0.3256,2.7676
-0.1221,2.442
-0.0407,2.8897
0.1221,1.5873
1.5873,4.4363
-0.5698,3.0118
2.3199,2.9711
0.1628,2.4827
-0.0407,2.6455
1.7908,3.7851
-1.4652,2.035
1.9129,2.3199
0.2035,3.3374
1.1803,4.5177
0.2442,3.1746
1.7094,3.2153
0.1221,2.3199
0.8547,4.1921
1.7501,4.8433
1.7094,4.7619
0.5291,2.6048
-0.9361,3.0525
0.5291,2.5641
0.4477,4.2328
1.0989,3.9479
0.2442,2.035
-0.2035,4.2328
1.3024,3.8665
0.4477,3.7444
2.1571,2.2792
2.1978,2.442
0.1221,4.8026
0.7733,2.8083
0.0407,2.1571
1.0175,3.7444
1.221,3.0525
0.407,3.6223
0.4884,3.1339
1.2617,2.4827
1.3024,5.5759
1.1803,5.698
0.814,2.9304
0.5698,3.4595
0.814,4.0293
1.0175,3.5409
0.4884,4.1514
1.9129,2.3606
0.1221,4.6398
0.6105,3.256
0.2035,1.7501
0.1628,1.5873
0.6512,1.3838
0.6512,4.884
1.1396,4.0293
-0.1221,2.5641
0.6512,2.5234
0.6105,4.6398
0.5291,3.3374
2.442,5.0468
0.1628,2.035
0.2849,3.3781
0.6512,3.4188
0.6105,3.0525
0.6105,3.7444
2.8083,3.6223
1.5059,3.8258
1.221,4.1921
0.407,3.5002
1.2617,3.1746
2.5641,5.3724
0.4477,2.9711
0.3256,3.256
0.814,3.2967
1.5873,5.3724
0.3256,4.4363
0.8954,4.6398
0.1628,1.7501
1.1803,4.07
0.4477,4.3549
0.9768,2.7676
1.5873,3.6223
1.3431,3.663
1.4245,4.6805
0.6105,3.3781
0.5291,2.3199
0.9361,3.9072
0.7326,3.4595
1.9943,4.1921
0.7733,3.7037
0.5698,4.2735
1.3024,5.3317
1.1396,3.8258
1.0582,3.6223
0.2035,2.1978
1.221,4.2328
1.5059,3.2153
2.1571,4.2735
1.221,5.3317
0.814,2.2792
1.8315,4.1107
0.1221,2.9711
0.7326,2.4013
0.9361,2.3199
1.7501,4.6805
1.3838,2.7269
0.8547,3.0525
2.1164,3.9072
0.3256,4.2735
1.5873,3.6223
0.4477,5.4945
2.0757,2.7269
1.3838,3.5002
1.5466,3.6223
1.3024,3.5409
1.1396,3.1746
0.9768,4.1921
0.9768,4.1107
1.0582,4.1107
1.5466,3.663
1.3838,4.07
2.0757,3.5002
0.407,3.8665
1.3838,4.884
2.6048,3.7851
2.6048,3.7851
0.6919,4.9654
1.3838,4.8433
1.3838,3.9886
1.8315,4.8026
2.035,4.3549
1.0175,2.3199
1.9943,3.663
0.4477,4.1107
0.8954,3.2153
1.221,3.1746
2.035,4.5991
0.3663,3.9072
2.0757,3.5816
1.4245,3.5816
2.5234,4.07
1.5873,4.3549
1.8315,3.5002
1.8315,3.9072
1.5059,3.9886
1.5873,4.2328
1.5873,3.8258
2.3606,3.0118
1.3838,3.0932
1.4245,3.9479
2.0757,4.07
1.6687,5.1282
1.1396,3.7851
2.7676,5.4131
1.3024,3.9886
1.3024,3.0525
1.221,3.0525
1.4652,4.7212
1.6687,5.1282
1.9943,3.3374
1.1803,4.9247
2.5641,5.8201
1.9129,4.7619
2.442,5.1282
1.4652,5.0061
1.9129,3.9072
1.8722,3.7851
1.9536,4.6805
0.814,4.6398
2.1164,4.07
2.1164,3.8665
1.4245,4.4363
1.9129,3.1339
1.9943,5.0875
1.628,3.8665
1.2617,4.9247
1.221,4.884
2.7269,4.6398
2.1571,3.8258
1.7094,3.7037
2.1571,4.3549
1.5873,3.8665
1.8722,5.4131
1.8722,4.477
1.8315,4.884
1.3024,4.884
1.8722,3.7037
1.9536,3.7851
0.8547,4.6398
2.5641,4.5584
1.7094,4.1107
1.9943,4.3956
0.814,4.477
2.849,4.1514
2.2792,4.6398
1.8315,5.9015
2.4827,4.9247
2.442,4.9654
1.0175,2.849
2.035,4.1921
2.5234,4.2328
2.2385,5.3317
1.7094,5.0875
2.3199,4.1921
1.4245,4.6805
2.442,3.6223
2.442,3.1746
1.7094,5.2503
1.5466,5.1282
1.628,4.3142
1.8722,4.477
2.1164,4.7212
2.7676,3.663
1.3838,4.9654
2.5234,4.3549
2.1164,3.5816
1.628,4.0293
2.2792,4.2735
0.9768,5.0468
1.1396,5.1689
2.6455,4.9247
2.035,4.3142
1.7501,4.2328
2.6455,5.0875
1.221,3.3781
1.9536,4.3549
1.9536,5.2503
1.7501,5.4945
2.3199,3.9886
2.4013,4.1107
2.035,3.9886
1.9943,4.0293
2.0757,4.6398
1.9943,4.3956
1.5873,3.9886
3.0525,5.698
1.628,4.3142
0.814,3.9886
2.4827,3.663
2.442,3.7444
2.035,4.2328
1.628,4.2735
2.1164,3.663
2.7676,3.8258
1.7501,4.3956
1.8722,4.1921
2.2385,5.4131
1.8315,4.6398
2.1571,5.0468
1.628,5.4131
1.5873,5.3724
2.3199,4.477
1.8315,4.1107
2.442,4.5584
1.7908,4.1921
2.5641,4.5177
1.8315,5.4131
1.628,3.5816
1.9129,5.3724
4.07,4.2735
4.1921,4.3142
1.221,4.9247
1.8722,4.9654
2.2385,4.9247
2.3606,4.8433
1.7094,5.1689
2.035,4.7212
2.0757,4.7619
2.2792,3.9886
2.1978,5.3317
2.5641,5.3317
1.2617,3.7037
1.0989,4.3142
2.4013,4.6805
2.3199,4.07
2.8897,4.5177
1.4245,4.1107
2.442,5.0061
1.7908,4.1107
2.035,5.7387
1.4245,4.3956
1.2617,4.3956
2.6862,4.8026
1.7501,3.6223
2.1978,4.9654
2.035,4.5177
2.1164,5.0468
1.8315,4.1107
1.2617,5.0061
2.3606,4.4363
3.2153,3.4595
2.9711,3.3374
1.628,4.2328
2.3606,5.3317
2.6455,4.5991
2.1571,4.0293
1.1803,3.9479
1.7094,3.8665
2.9304,4.884
2.1978,4.1107
2.849,5.4131
1.7908,5.1689
1.7094,5.1689
1.5059,3.5409
2.1978,4.5177
2.4827,3.8258
2.7269,5.3724
3.0525,4.7212
1.7501,2.849
2.4827,4.6398
2.2792,3.9072
2.5641,4.4363
1.7501,2.442
1.628,2.5234
1.9943,4.1921
1.7094,4.477
2.442,4.3956
2.7269,5.6166
3.1746,3.9072
1.7908,5.0061
1.9129,3.8665
2.1571,5.2503
2.1978,3.0932
1.9943,3.1339
1.3431,2.7269
2.3199,4.07
2.442,4.5991
1.5873,3.9072
1.7501,4.0293
3.2153,3.9072
1.5059,4.2328
2.1978,4.5584
2.5234,4.2735
2.5641,4.1107
1.0582,5.1689
2.5234,4.3549
2.1571,3.7444
2.3199,4.5584
2.5234,3.7851
1.6687,5.1282
2.9711,4.3956
2.5234,4.9247
1.4245,4.3549
1.2617,4.2735
1.5466,3.8258
2.1571,4.8026
1.9129,3.7444
3.1746,4.2735
2.3199,4.9654
1.5873,5.4538
1.9129,5.2503
2.3199,4.2735
2.4013,4.884
2.5234,4.3549
2.6048,4.5177
2.2792,3.9886
2.6455,5.3317
2.849,4.4363
2.4013,4.6398
1.8722,4.3549
1.9536,4.477
2.3199,4.7619
3.256,5.0875
1.5466,4.5991
1.5466,4.7212
1.9943,5.3317
1.5873,3.4188
2.7269,4.1921
2.2385,4.3549
2.4013,4.884
2.6455,4.5991
1.8315,4.3142
2.1978,4.4363
1.5466,5.1689
2.5234,4.07
2.3606,4.1107
3.2153,5.2503
1.1803,3.9886
1.9943,3.9072
2.2385,3.9886
1.7094,4.07
3.1339,3.9479
0.9768,3.4188
1.8722,3.5409
3.1746,4.0293
3.1339,3.9886
2.1571,4.3549
2.2385,5.0468
1.7501,4.1107
2.2792,3.9072
1.8722,5.1282
2.442,4.3956
2.2385,5.6166
1.9943,4.07
1.7501,3.0118
1.8315,4.1514
1.7908,4.1107
1.628,4.1514
2.2385,4.3549
2.3199,4.5584
2.442,3.5002
1.9129,3.7444
2.7676,4.1514
1.6687,4.5991
1.2617,4.9654
2.1571,4.477
2.1164,4.6398
2.035,4.5177
2.442,3.7851
2.6455,4.07
2.1978,3.4595
1.4652,2.2385
0.8954,4.5584
1.6687,4.4363
2.0757,4.0293
1.7501,4.0293
1.628,3.9479
0.7326,2.3606
2.7676,4.1514
2.3606,4.1514
2.1164,4.8433
1.1396,3.4188
2.3199,4.3142
1.8315,2.4013
2.3199,4.8026
1.221,4.0293
1.5059,4.2328
1.628,4.2328
2.6455,4.5584
2.3606,5.1689
2.442,4.1921
2.4827,4.5584
1.9536,3.0525
1.7908,5.1689
2.5641,3.3781
0.6919,3.1746
2.6048,4.4363
2.7269,4.5177
2.3199,4.3956
2.4013,4.1921
2.1571,5.0875
2.1978,3.8258
0.4884,3.663
2.6862,3.9886
3.5002,4.9247
0.0407,3.7444
2.2792,4.6805
1.5873,4.4363
1.5466,4.2328
2.9304,4.8026
1.7908,4.2735
2.8083,4.4363
2.2385,5.4131
2.035,2.8897
1.3024,3.1746
1.8722,4.3549
1.9536,5.0875
1.8315,3.256
1.9536,3.1746
2.4013,4.1107
2.3199,4.884
2.035,4.07
2.8083,4.2328
2.035,5.5759
1.7908,3.7851
0.9768,3.0525
1.5059,3.4595
1.6687,5.8201
3.3374,4.2735
3.3374,4.3142
1.2617,5.5759
1.8722,3.8665
1.6687,3.9072
1.7094,3.7851
1.7908,3.9479
2.1571,3.0525
2.1978,4.6398
2.1978,3.9072
1.7908,3.3781
1.7094,3.2967
2.6455,5.6166
1.3838,2.6862
2.3606,4.3549
1.9536,3.7444
1.0989,1.9129
1.5873,2.6455
1.4245,4.477
1.3431,4.477
2.3606,4.5584
-0.2849,3.9072
-0.2849,3.7851
2.7269,4.4363
1.4652,3.256
1.4245,4.07
2.1164,3.0932
1.5059,4.7212
1.628,5.0468
0.6512,1.221
2.0757,4.3956
1.9129,3.663
1.3838,2.7269
1.2617,2.9304
1.628,3.9072
0.4884,3.663
2.2385,3.256
1.0582,3.4595
1.3838,5.4538
1.4245,3.7444
0.7733,2.2385
1.5466,4.3956
1.628,4.3549
1.9536,3.7444
1.6687,3.9886
1.3024,4.07
2.035,3.9072
1.3838,3.4188
0.7733,4.4363
1.5466,2.7676
1.7908,3.8258
1.2617,4.5991
1.7501,2.849
1.628,2.7269
1.5059,4.1107
1.9536,3.8258
1.3024,4.2328
1.0582,3.8258
0.6919,1.9943
1.1803,2.5641
0.9768,4.2735
1.0175,4.3956
1.1803,2.1978
1.0582,2.1571
2.7676,4.5584
1.1396,3.0525
0.9361,3.5002
0.2849,3.0118
2.035,4.5177
1.628,2.9304
-1.0582,2.5234
1.0582,4.0293
1.1396,3.5002
1.3024,1.8722
1.4652,1.8722
1.1396,2.4827
0.9361,2.3199
0.4884,2.849
1.221,3.5409
1.221,3.0118
1.5466,3.0932
1.221,4.07
1.4652,1.5466
0.4884,2.2385
0.3256,2.4827
1.5059,2.1164
1.0175,2.8083
1.1396,2.8083
-0.3256,2.6048
1.4652,3.0525
2.3199,4.1514
-0.1628,1.5466
1.9129,3.5002
0.7326,3.3374
-0.6512,2.7676
-0.6512,2.7269
1.1396,1.8315
0.2849,2.2792
0.4884,2.442
0.0814,1.5873
0.814,2.7269
-0.3663,1.4652
-0.3256,4.1514
1.0989,2.4827
0.0407,2.7676
-0.0407,2.6455
-0.1628,2.035
0.407,2.2792
0.6105,2.9304
-0.2442,2.849
0.8954,2.6455
-0.5291,1.3838
0.6919,3.6223
1.5059,2.3199
-0.6919,2.7269
0.3663,2.1571
0.2442,2.3606
0.407,1.5873
-0.2442,1.2617
0.0407,1.4652
-0.3663,2.849
0.1221,1.7501
0.8547,0.1221
-0.7733,2.6048
0.2442,1.0989
0.1221,0.6512
0.7326,1.9129
0.3663,1.7094
-0.0407,1.9129
-0.0407,1.3024
-0.7733,1.9943
1.3024,1.9536
-0.5698,2.9711
0,2.4013
0.8547,1.6687
-0.407,1.5059
-0.3663,1.3838
-0.3256,1.9536
0.2442,1.628
-0.5698,1.5873
0.5698,0.6105
0.814,2.3199
-0.5698,1.7908
-0.4884,0.4884
0.0407,1.5466
-0.4884,0.814
-0.6105,0.3663
-0.4477,0.5291
0.2035,1.3431
-0.407,0.4477
-0.0814,2.1978
-0.5698,1.3431
0.4477,1.7094
0.0814,1.8722
0,-0.2849
-1.1396,1.5059
0.6512,1.221
0.6105,1.1803
0.5291,1.4652
-0.6919,0.4477
-0.3256,0.4477
-1.0989,-0.1221
-0.0814,0.4884
-0.0407,-0.4884
-0.6512,1.1396
0.4884,0.407
0.2849,1.0582
-0.6105,-0.0407
-0.6105,-0.1628
-1.3024,1.0175
-0.4477,0.7326
0.1628,1.0582
-1.221,1.7501
-0.2035,-0.407
-1.628,0.4884
-0.0814,0.6919
-0.0407,1.3024
0.2442,0.0407
0.3663,-0.1221
-0.407,1.1396
-0.5291,0.2035
-0.1221,-0.3663
-0.4884,1.5466
-0.407,1.221
0.6105,-0.6919
-1.5466,0.3256
0.0407,0.5291
-0.9768,-1.9129
-0.9768,-1.9129
-0.7326,0.5698
-0.4884,0.5291
-0.6919,0.7733
-0.0407,0.6512
-2.3199,1.3838
0.7733,0.0814
-0.6512,-0.5698
0.5698,0.407
-1.3431,-1.1803
-1.6687,1.1803
-1.7501,1.221
-0.7326,-1.8722
-0.7733,-0.2035
-0.0407,-0.2442
-2.1978,-0.0407
-0.2442,0.1221
-0.7326,-0.4884
-0.9768,-0.1628
-1.9943,-1.7501
-0.1221,-0.7326
-1.2617,0.9361
-1.2617,0.8954
0.2035,1.0175
-1.7501,-0.8547
-0.6512,0.0814
-1.1803,-1.1803
-0.6512,-0.3663
-0.5698,-1.1803
-0.2035,-0.5698
-1.9536,-0.814
-0.3663,-0.7733
-0.0814,-0.7733
0,-1.1803
-1.4652,-0.6105
-0.4477,-0.6919
-0.5698,0.7733
-0.814,0.407
-1.3431,-1.0582
-0.1628,-0.1221
-1.8722,-0.4477
-0.0407,0.8547
-0.2442,1.0175
-0.9361,-0.2442
-0.9768,-2.1571
-1.0175,0.0407
-1.1803,-0.6919
-0.7326,-1.3838
-1.3024,-0.6512
-0.5291,-2.0757
-1.8315,-1.8722
-1.628,-3.1339
-0.2035,0.0814
-0.1628,-0.0407
-1.0582,-0.6919
-0.3256,-0.5291
-1.1803,-0.407
-0.8547,-1.7908
-1.9943,-0.2849
0.2442,-0.6512
-1.7094,-0.6105
-1.221,-1.9129
-1.2617,0.6512
-1.0989,0.7326
-0.7733,-1.1396
-1.5873,-1.3838
-1.4652,-1.0989
-0.7326,-1.9129
-1.3024,-2.1978
-0.6105,-1.5059
-1.6687,-2.5641
-1.8722,-0.2035
-1.3431,-0.0814
-0.6105,-1.2617
-0.6919,-1.221
-1.221,-1.0582
-1.3024,-1.3431
-0.7326,0.0407
-0.4884,-0.9768
-1.7094,-1.9536
-1.628,-1.3431
-1.1803,-1.7094
-1.4245,-2.035
-1.0989,-0.5291
-1.1396,-0.5291
-0.5698,-2.0757
-0.9361,-1.1803
-1.7908,-1.221
-1.6687,-2.4827
-1.0989,-0.0407
-0.9768,-2.7676
-1.3024,-1.4652
-2.2385,-1.5059
-1.4245,-2.5641
-1.5059,-2.7676
-1.0989,-0.5698
-1.3838,-1.7908
-1.6687,-1.7908
-1.221,-1.628
-1.5059,-3.6223
-1.5873,-1.1396
-0.9361,-0.1221
-2.9304,-3.5409
-0.8547,-1.3024
-0.6105,-3.0525
-0.6105,-2.9711
-1.7501,-1.5466
-1.3024,-1.3838
-1.2617,-1.7094
-2.2385,-3.256
-2.4827,-3.5816
-1.7094,-2.1164
-1.5873,-1.7501
-1.5466,-1.3431
-1.3838,-2.9711
-1.5873,-0.4884
-1.5059,-0.9361
-1.3838,-2.0757
-0.3663,-2.1571
-2.1571,-2.5234
-1.7908,-3.4188
-1.1803,-2.5641
-0.814,-0.9768
-1.5873,-2.1978
-2.1571,-1.5059
-1.5059,-1.9129
-1.4652,-2.0757
-0.8547,-1.5466
-0.407,-0.6919
-1.7094,-0.8547
-2.0757,-1.6687
0,-2.5641
-1.6687,-0.9768
-1.5466,-1.3431
-1.1803,-1.3838
-1.7501,-2.4827
-1.6687,-2.5641
-1.0582,-1.9536
-1.5873,-2.9711
-0.8954,-1.628
-1.9943,-1.1396
-1.628,-1.3431
-0.9361,-2.1571
-1.628,-2.6455
-0.8954,-1.5059
-0.8547,-0.9768
-1.0175,-3.3781
-1.3024,-3.4188
-1.1803,-1.5059
-1.9536,-2.9711
-1.3838,-2.4827
-0.7326,-1.0582
-1.4652,-2.7269
-1.628,-1.7094
-2.3199,-2.5641
-2.6862,-1.1803
0,-3.7037
-0.1221,-3.9072
-1.7501,-1.5873
-0.7733,-0.5291
-1.628,-1.3431
-0.1628,-0.2849
-2.1978,-1.7501
-0.7733,-1.3838
-2.6048,-1.0989
-1.0582,-0.9361
-1.8722,-1.5466
0.2442,-0.2035
-0.2035,-0.4884
-1.221,-1.9129
-0.7733,-2.4827
-0.9768,-1.7908
-1.0582,-1.7094
-0.9768,-2.035
-0.4884,-1.8315
-1.4245,-2.5234
-1.628,-2.3199
-1.6687,-1.3838
-1.628,-1.3431
-0.814,-1.9943
-1.9536,-2.3606
-1.1396,-1.9943
-1.9129,-4.2328
-0.9768,0.0407
-1.7908,-1.9536
-2.7269,-3.4188
-1.1803,-0.1628
-0.6919,-1.3838
-0.5291,-1.3431
-0.9361,-1.2617
-1.5059,-0.9361
-1.6687,-2.4827
-1.5059,-1.221
-0.2849,-1.9943
-1.3431,-1.4245
-0.5291,-1.7908
-0.8954,-0.3663
-1.0175,-1.6687
-1.8722,-1.7094
-1.7908,-1.8315
-0.8954,-1.7908
-1.0582,-1.9536
-0.6512,-2.1571
-1.7094,-2.0757
-1.0582,-0.0814
-2.1571,-2.7676
-2.035,-2.1571
-0.6105,-1.2617
-0.814,-2.5641
-1.4652,-1.7908
-1.221,-1.6687
-0.5291,-1.5873
-0.4477,-1.5059
-1.628,-0.4884
-1.5059,-2.9711
-0.5291,-1.3838
-0.9768,-1.4652
-1.221,-2.2792
-0.8547,-0.8954
-0.0814,-2.4827
-0.6919,-2.6455
-1.2617,-1.0582
-0.2442,-1.628
-0.2442,-1.5873
-1.0582,-1.9943
-1.221,-1.8315
-1.8722,-3.4188
-0.2442,0.0814
-1.221,-3.9886
-0.3256,0.3256
-0.407,0.3256
-0.9361,-2.3199
-1.3838,-2.442
-1.0175,-2.849
-1.628,-2.2385
0.2849,-0.5291
-1.5466,-2.1164
-1.0989,-3.2153
-0.5291,-0.814
-1.628,-1.5873
-0.0407,-0.4477
-0.0814,-0.6512
-0.3663,-1.6687
-1.0989,-1.628
-1.0175,-2.2792
-1.0989,-0.9768
-0.814,-0.3256
-0.5698,-1.0582
-1.221,-1.3024
-2.1571,-1.9536
-0.1221,-2.4827
-0.2442,-2.4827
-0.7733,-2.7676
-1.3431,-1.9129
-0.0814,-1.4652
-0.5698,-1.3838
-1.0582,0.1628
-0.4477,-3.3374
-1.4245,-1.1396
-0.4884,-1.4245
0,-1.5873
-0.2849,-1.5466
-0.6512,-2.1978
-1.0175,-1.5873
-1.4245,-1.628
-1.7908,-3.0525
-0.2849,-1.9129
-1.2617,-0.7326
0.1221,-1.3838
-0.2442,-1.5873
-1.0175,-1.5873
-1.7501,-1.5873
-1.5059,-1.7908
-0.4477,-1.7908
-1.5873,-1.628
-0.3256,-2.1164
0.3256,0.0407
-1.7908,-1.628
-0.4477,-1.9943
-1.2617,-1.628
-0.3663,-1.0175
-0.4884,-2.3199
-0.3663,-2.3199
-1.3431,-2.4013
-1.5873,-1.5873
-0.9361,-1.9943
-1.4245,-2.2385
-0.4884,-1.7501
-0.8547,-0.9361
0.1221,-1.4245
0.8547,-1.7094
-0.1628,-1.9943
-0.407,-1.9129
-0.6919,-1.8722
-1.1803,-1.1396
-1.1396,-1.0989
-0.1221,-1.7908
-0.7326,-1.221
-0.4477,-1.5873
-0.5291,-2.035
-0.6512,-2.6455
-0.4884,-2.1978
-0.4477,-2.1164
-1.3838,-3.0118
-1.0175,-2.8083
-0.8954,-1.7908
0.407,-1.0989
0.0407,-2.3199
-0.407,0
-0.7733,-1.1803
0.1221,-2.7269
-1.5059,-2.4013
0.4884,-1.7094
-0.3256,-1.6687
-0.7733,-1.6687
-0.407,-0.8547
-1.0582,-1.1803
-0.9361,-0.5291
-0.0814,-2.6862
-1.5059,-1.3431
-0.407,-2.1978
-1.5466,-2.035
0.6105,-2.2792
-1.9129,-1.3024
-1.9536,-1.221
-0.7326,-1.3431
-0.407,0.0407
-0.1628,-2.1164
-0.9768,-0.7326
-1.5873,-2.8897
-0.3256,-0.7326
0.2442,-1.628
-0.2849,-0.6919
-0.3256,-0.5291
-0.407,-0.5698
-0.407,-2.3606
-0.9768,-1.628
-0.5291,-1.3431
0.1221,0.0407
-0.9768,-1.2617
0.407,-1.0989
-1.7094,-1.9129
0.4477,-1.5059
-0.6105,-0.1221
0.0407,-0.3663
-0.1221,-0.7733
-0.3256,-1.0175
-0.4884,-0.8547
-0.6919,-0.6512
-1.0989,-0.6919
0.407,-0.8954
0.1221,-0.2849
-0.4884,-0.9768
-0.9768,-1.8315
-0.7326,-1.4245
-0.6919,-1.3431
0,-1.0989
-0.1628,-1.1396
0.1628,0
-0.4477,0.2035
0.1628,-1.628
-0.9768,-0.5698
0.407,-0.4477
0.6512,-0.0814
0.2035,0.4884
-0.2035,-2.1571
-0.3663,-1.7501
-0.1628,-0.6105
-0.6512,-1.3431
-0.2035,-0.9768
-0.0814,0.3663
0.1628,-0.9361
-0.1221,-1.2617
-1.0989,-2.0757
0.4477,-0.1628
-0.4477,-1.9943
-0.5291,-1.9536
-0.5698,-1.1396
-0.2849,-0.2849
-1.3431,-2.2385
-0.6105,0.2849
-0.2442,-0.9768
-0.3256,0.8954
0.5698,-0.0407
-0.5291,-0.6105
-0.3256,-0.6919
-0.2442,0.1221
0.0814,-0.4477
-0.3256,-0.5698
-0.1628,-1.1396
-1.5873,0.1628
1.3024,-1.3838
-1.8315,-0.6919
-1.7908,-0.7733
1.0582,-0.4884
-0.3663,-0.2442
-0.9768,0.5291
0.9361,-1.2617
0.6105,-0.3256
-1.0175,0.1628
0.2849,-0.6512
-0.1221,-0.6919
-1.3838,-0.6105
-0.8954,-1.3431
-0.3663,1.4652
-0.4884,-1.5466
-0.4884,1.8315
-0.3663,-1.3431
-0.5291,-0.5698
-0.9361,-0.814
0.0407,-1.0582
0.7326,0.2849
0.0407,0.0814
0.4477,-0.9361
0.2442,-0.0407
-0.2849,0.407
0.5291,-0.8547
-0.5698,-0.814
-0.7733,-1.1803
-0.0814,0.0407
-0.5291,-0.8954
0,0.6919
0.2442,-1.0175
-0.2442,-0.0814
-0.2849,-0.8547
-1.0989,-0.6919
0.6919,0
-0.8547,0.814
-0.8547,0.8547
0.2849,-0.8547
-0.2849,0.0814
1.0989,0.9361
0.5698,0.9768
-0.4884,0.3256
0.0407,-0.6105
-0.0814,-0.8547
-0.7326,0.407
0.3256,2.2792
-1.8315,-1.9536
-0.8547,-1.3024
1.3024,1.3431
-0.2849,0.407
0.407,-0.7733
0.1221,0.5698
-0.7733,0.2035
0.4477,0.2442
0.9361,0.6105
0.5291,0
0.3256,0.3256
0.1628,0.2442
-0.1628,-0.2442
1.0175,0.4884
0,1.2617
0,1.628
1.6687,0.0814
-0.6919,0.6512
0.8547,1.3838
-1.0989,1.0989
0.814,1.8722
0.3256,0.2035
0.0407,0.0814
1.0175,1.221
0.814,0.6512
0.407,-1.221
-0.814,0.3663
0.3256,1.5466
1.628,1.0582
0.7326,1.4652
0.5698,-0.2849
-0.7733,1.221
-0.407,1.0989
0.1221,0.0814
-0.3663,0.7733
0.4477,0.8547
-0.5291,1.1803
-0.6919,0.6105
0.5698,0.9768
-0.3663,0.8547
0.0407,1.628
0.7733,1.5059
0.6919,1.9129
0.407,1.1396
0.5291,0.8954
0.3256,2.7676
1.2617,1.5466
0.9768,1.9943
1.9536,3.256
0.2442,0.814
-0.0814,0.8954
0.9768,1.3024
-0.2035,0.7326
-0.2035,0.5291
0.6512,1.7094
0.4884,1.221
0.7326,2.4827
0.3256,1.7094
-0.7326,0.0814
0.8954,3.2153
-0.2442,-0.3663
2.2385,3.3781
-0.4884,0.814
-0.4477,0.6919
0.0407,1.8722
0.9361,1.0582
0.6919,0.9361
0.3256,-1.0582
0.5291,1.221
0.1628,1.3431
-0.5698,2.035
2.1164,2.3606
-0.3663,0.814
0.407,0.7733
0.6105,1.5059
0.5698,1.9943
1.0175,1.4245
0.2035,0.5291
0.5698,2.442
0.4477,1.0582
0.4884,-1.3838
-0.1628,2.849
1.9129,2.6862
-0.9361,0.9361
-0.5698,1.0582
0.4477,2.442
0.4477,1.9536
1.1396,2.9304
1.0582,1.1396
0.6105,1.6687
-0.3663,2.8897
0,2.1164
1.0582,0.2442
0.3256,0.9768
-0.3663,2.035
0,1.7501
0.7733,1.628
0.7326,1.6687
0.2035,1.7908
0.2035,0.0407
0.8954,2.6048
0.1628,2.3199
0.7326,1.5059
-0.1628,0.7326
-0.1628,1.7094
0.0407,1.628
0.0814,1.7094
0.4477,0.9768
-0.1221,1.7501
0.5698,2.2385
1.1396,1.628
-0.6105,1.5873
1.4652,1.7908
-0.6512,0.0814
1.221,3.4188
1.0582,0.7326
1.0582,1.0989
0,1.9536
0.2849,1.3024
-0.0407,2.5234
0.0814,1.2617
0.2035,2.3606
0.8547,2.7269
0.9361,2.6048
0.4884,4.1107
1.3838,1.3024
0.5291,1.4652
-0.3256,1.628
1.0175,1.6687
0.0814,1.3838
-0.0407,1.4652
0.5291,1.9536
0.0407,3.2153
0.4477,1.4652
-0.4884,0.4884
-0.0814,1.628
0.8547,2.0757
0.5291,1.628
0.2442,1.9536
-0.5698,1.8315
0.8954,2.6862
0.407,1.7094
1.0175,1.628
0.2442,2.2385
-0.6512,3.5002
0.3256,0.5291
0.4884,1.0175
0.814,1.6687
0.5291,2.0757
0,1.1803
0,1.0582
0.3663,1.9536
0.1628,1.7094
0.3663,0.814
-0.2849,0.8954
0.9361,1.7094
-0.6919,-0.2849
-0.4477,-0.0407
0.1628,1.3024
-0.6512,1.9536
1.3838,1.0175
-0.6919,1.3024
0.1221,1.5059
-0.5291,1.5059
0.1628,0.3663
0.7733,0.4884
-0.3663,1.7501
0.2442,0.6919
0.3663,0.8547
0.0407,1.5873
-0.8547,0.2442
1.1803,1.1803
0,1.628
1.1803,1.6687
-2.3199,0.6512
0.2849,0.5698
1.0582,1.5059
-0.9768,0.0407
-0.6919,-0.2442
-0.1221,1.4652
-0.7733,0.2849
0.1628,1.8315
-0.2849,2.035
0.5291,-0.1628
-0.3663,1.628
0.3256,0.5698
-0.9361,1.0582
-0.2442,0.9768
0.1628,1.7908
0.814,1.9536
0.2849,1.2617
-0.4884,2.1164
0.0814,0.6919
-0.6919,0.7326
1.0582,1.1396
0.4884,0.407
-0.1221,1.1396
-0.2442,0.814
0.2849,0.5698
0,1.1803
-0.4884,0.9768
0.3663,2.3199
-0.5698,0.1221
-1.1396,0.6919
0.2035,0.2035
-0.2849,0.3256
1.7094,1.7501
-0.4477,2.3199
-0.8547,1.2617
0.814,2.6455
1.5059,1.1803
-0.3663,0.9361
0.0407,0.9768
-0.5291,0.4884
0.8954,1.4245
-0.1221,-0.6919
-0.814,1.9943
0.3663,0.5291
-0.814,0.6919
-0.407,1.7094
0.0407,1.221
-0.9768,1.3838
-0.8954,-0.4884
0.2442,1.0989
-0.4884,2.9304
-0.3256,1.2617
-0.5698,0.0407
-0.0814,1.2617
-0.6919,0.5291
-0.6919,1.0582
-0.3256,0.9361
-0.2035,1.3024
-0.3256,0.2849
0.5698,0.8954
0.407,2.849
0.2442,0.8954
-0.0814,-0.4477
-1.1396,1.3431
0.6105,2.2385
1.7501,2.6048
0.1221,2.6455
0.4477,2.9711
1.1396,2.6048
0.2035,2.5641
0.1221,3.7851
0.6512,3.5002
-1.9536,4.1107
-1.6687,2.1978
-1.221,3.9886
-1.8315,4.884
-3.8665,3.5816
-2.9711,4.1921
-4.0293,3.8258
-3.7851,4.4363
-4.4363,3.9479
-5.5759,2.7676
-4.9654,3.1746
-6.2678,3.5409
-5.0061,4.6805
-4.5177,5.3317
-6.1457,3.6223
-6.8376,2.5641
-5.6573,3.2967
-5.6166,3.5816
-5.5352,3.6223
-6.5527,3.6223
-5.291,4.07
-6.8376,4.3956
-5.1282,4.7212
-5.8201,4.477
-5.3724,3.256
-5.9829,2.8897
-5.9422,3.256
-6.105,2.849
-5.9829,3.9479
-6.3899,3.9072
-5.8201,2.4827
-5.2503,3.3781
-6.3899,3.7037
-5.9829,5.5759
-5.7387,2.4013
-4.5991,5.2503
-6.2678,3.8665
-6.4713,4.1921
-5.1689,3.8665
-5.7387,4.0293
-6.0643,4.5991
-6.3085,4.2735
-5.8608,3.3374
-6.1864,5.0061
-6.0236,4.3142
-4.9654,3.2967
-5.8608,4.4363
-6.1864,4.3142
-5.4131,3.2153
-5.0061,4.7212
-6.0643,3.4188
-4.3142,4.8433
-6.3492,1.9943
-6.0236,4.1107
-6.8376,5.0875
-6.2678,3.5816
-6.0236,0.8547
-5.4945,2.1164
-5.9422,3.9072
-5.9829,3.0932
-6.2678,4.2735
-4.0293,3.2967
-6.919,3.8258
-5.1689,3.8665
-5.2096,5.4538
-5.9829,2.8897
-5.8201,4.3549
-5.7387,5.7794
-6.105,4.6398
-4.6398,3.6223
-5.7794,3.9886
-4.5177,5.5352
-5.7387,2.6455
-5.5352,4.1107
-4.6805,4.6398
-6.1864,4.07
-5.6166,4.3142
-5.6573,5.0468
-4.7212,6.0236
-5.7387,3.8665
-5.0875,4.9247
-5.9422,3.4595
-5.0875,3.9886
-4.6805,4.4363
-6.7969,3.1339
-5.0875,4.0293
-4.9654,2.6455
-5.6573,4.0293
-5.7794,3.8258
-5.8201,3.0525
-5.5352,3.4188
-6.3492,3.9072
-3.8258,4.7619
-6.8376,4.1107
-5.5352,4.2735
-4.7619,4.5584
-6.8783,3.0118
-5.4131,4.477
-5.0468,2.9711
-5.0061,3.5409
-5.4945,3.5002
-6.3492,3.9886
-4.6805,3.8258
-5.7794,2.8897
-3.5816,5.7794
-6.5934,3.9072
-4.9247,4.3142
-5.2503,4.9247
-5.3317,4.9247
-4.1514,3.5002
-5.3724,3.8258
-5.6573,4.8026
-4.884,4.1514
-6.3899,3.5002
-5.2503,3.5409
-5.6573,2.442
-4.3956,5.9015
-6.2271,4.1514
-5.2503,4.2735
-5.6573,4.1921
-5.7794,3.663
-5.4131,4.1107
-4.477,5.4131
-5.7387,4.3956
-2.6455,6.3899
-7.2446,4.8026
-5.7794,3.5409
-5.5759,3.4188
-5.2096,4.1921
-4.4363,5.0468
-6.7969,4.477
-5.3724,4.9654
-4.9654,5.5352
-4.6398,3.9479
-7.0818,3.9886
-5.4945,4.9247
-5.0468,5.0061
-4.2328,3.7851
-6.6341,4.4363
-5.0875,3.3781
-5.7387,3.6223
-4.8026,4.4363
-5.4945,4.3142
-4.6398,4.2328
-4.7619,6.1864
-7.0818,3.7851
-4.3549,3.3374
-5.0061,4.1921
-7.0004,4.1514
-5.291,4.07
-5.2503,3.256
-5.6573,3.8258
-5.9422,4.5177
-5.3724,4.5177
-5.291,5.4538
-4.7619,5.1689
-6.3085,4.6398
-5.8201,3.4188
-5.0468,4.1921
-4.4363,5.0875
-5.9015,5.0468
-4.2328,5.5759
-5.0875,4.9654
-6.0643,5.8608
-6.3492,4.8433
-5.1282,3.2967
-5.3724,2.7269
-5.5352,4.5177
-4.1921,3.9886
-6.4713,4.3956
-5.6166,4.3956
-4.6398,3.0118
-5.5352,4.2735
-6.7155,3.5816
-5.4538,3.8665
-5.5759,4.7212
-4.2328,5.2503
-4.8433,5.5759
-6.7969,3.7851
-4.8433,5.1282
-4.3549,3.4188
-5.9015,3.9479
-5.698,5.3724
-5.0875,4.3549
-5.698,3.7444
-6.3899,4.0293
-5.2096,3.8258
-6.4306,4.3142
-5.0468,4.8026
-5.3724,4.6398
-5.0468,4.1921
-6.3085,3.9072
-5.291,4.1921
-5.698,3.9479
-4.8433,3.1339
-6.3085,4.5584
-6.0643,3.8258
-5.9015,4.6805
-6.2678,2.8083
-6.0643,4.3956
-5.2503,3.4595
-5.8608,5.0468
-4.9247,4.4363
-6.0643,3.5409
-6.3492,3.0932
-6.0643,5.0468
-6.3899,4.6805
-6.512,2.5641
-5.4538,3.256
-5.6166,3.0932
-5.7387,4.9247
-6.512,3.0525
-5.698,4.4363
-6.3085,4.5584
-5.7794,4.8433
-6.2271,4.5584
-5.8201,3.8258
-5.7794,4.7619
-5.0061,3.3374
-6.4306,4.3956
-5.291,3.6223
-6.105,5.0061
-5.5759,3.4595
-5.0468,3.7444
-5.1689,3.9072
-5.9829,3.7444
-5.0875,4.1921
-6.0643,5.3317
-5.4538,3.2967
-5.4945,4.8026
-5.0468,3.256
-6.2271,2.6455
-6.6341,2.6455
-5.9422,3.9072
-6.0236,4.5991
-5.3317,4.5177
-5.9015,3.256
-5.4945,4.5177
-6.1457,3.4595
-5.0875,3.5002
-6.6341,3.1746
-4.1514,4.3956
-7.2446,3.4188
-4.7212,4.1107
-7.326,4.6398
-6.5527,3.9072
-5.291,4.2735
-4.7619,4.5177
-4.3956,5.9015
-3.7037,5.3317
-1.5466,6.4306
0.6105,7.1225
4.1921,10.8262
4.6398,9.6052
7.6923,13.6752
9.0761,15.5474
10.175,15.466
11.6402,17.4603
12.21,18.1929
13.3089,20.5942
15.1404,22.9548
14.4078,24.2979
16.3614,25.4782
14.9776,25.641
16.6056,25.9666
16.0765,26.9434
16.9312,27.7574
16.2393,29.1819
16.6056,26.6178
15.9137,27.2283
17.8266,26.6992
15.7916,27.7981
16.4021,27.5539
16.0358,26.9027
16.4021,27.7981
16.0358,28.0016
16.0358,27.1062
16.687,26.4143
15.9544,26.1294
16.687,27.1062
15.9951,28.5714
16.8498,27.1876
17.1754,27.7167
15.7916,28.083
17.094,26.2108
17.094,28.897
16.7684,27.9609
17.2161,27.4318
16.687,27.3911
16.687,28.083
17.4603,27.3911
16.6056,29.1819
16.1579,26.9027
16.9719,27.9202
16.8498,27.6353
17.2975,27.676
16.7684,27.5132
16.2393,28.0423
16.1579,27.7981
17.094,27.2283
17.1347,27.5539
16.4428,27.676
16.6056,28.3679
16.1579,27.0248
16.0765,28.3679
17.501,28.0423
17.2975,28.1644
15.9544,27.5946
16.5242,28.2865
17.501,28.2865
16.9312,27.3504
17.1754,27.6353
16.8091,28.4493
15.7916,26.862
16.3614,28.7749
17.8266,28.083
17.4196,28.2865
15.3439,28.4086
16.1986,28.1644
16.6463,27.8795
17.7452,28.5714
17.8266,28.2051
15.9544,28.1237
16.8905,28.083
15.7916,28.4493
17.094,27.8795
16.6056,27.3504
16.4835,27.9609
17.4603,28.9377
17.4603,28.2458
15.9544,27.3911
16.8498,27.5132
15.3846,27.1876
16.9312,28.083
16.7684,28.083
16.9312,27.4318
16.4428,27.0248
16.1986,27.5946
17.2568,28.083
16.9719,28.6528
17.6638,27.1062
17.2161,28.5307
16.4835,28.2865
15.7509,27.4318
16.0765,27.8795
16.3614,27.8795
16.4021,27.7981
16.4021,26.6178
16.4835,29.1412
17.501,26.7399
16.28,26.9434
15.7102,26.9841
16.4835,28.2458
17.2975,26.9841
17.6231,27.9202
15.0997,29.0598
17.9487,28.4493
14.9369,27.4318
17.501,26.9841
16.3207,28.4086
15.873,27.676
17.4603,28.0423
16.4021,27.3504
16.3207,27.1469
16.7277,28.2865
17.2975,28.1237
16.4021,28.897
16.4428,26.9434
15.1404,27.7981
16.6056,27.1876
17.2161,26.7806
16.0765,28.1644
16.9719,27.9202
16.6463,27.5539
16.4835,27.8388
15.3439,28.1237
16.9719,26.862
15.873,27.6353
15.0183,27.3504
17.094,27.5946
16.2393,28.083
15.9951,27.6353
16.5649,28.2865
16.7277,28.897
16.6056,28.5714
16.1986,27.8388
16.4835,28.1644
17.4196,27.1469
15.1404,28.6528
17.0533,27.5539
15.7509,28.6121
16.7277,28.8156
16.7277,28.3679
16.4835,28.2051
16.1986,27.4725
16.8905,28.49
16.4021,27.5539
16.4021,28.1644
16.7684,27.7574
17.2161,28.5307
16.8905,27.5539
16.5242,28.2865
16.687,27.6353
16.4428,27.6353
16.8905,27.7981
16.3614,27.269
17.5417,28.2865
16.5242,28.083
16.9719,28.8156
16.7277,27.7167
16.4021,26.455
16.8905,28.2051
16.4021,28.2458
16.7684,27.676
16.7684,28.9784
16.8091,27.3504
16.6463,28.3679
15.873,28.0016
16.7684,28.6935
16.4835,27.5946
16.1986,27.9609
17.501,28.083
16.5242,28.4493
16.2393,28.0423
16.1986,28.6528
17.5824,28.9377
16.6056,27.3911
16.1986,29.1412
16.5242,27.9609
15.873,28.4493
17.3789,27.3911
17.2161,27.7167
16.4428,27.676
16.1579,27.7167
17.2568,28.1237
16.4428,28.3272
16.0358,28.5714
17.1347,27.6353
17.1347,28.5714
16.4428,26.8213
16.687,28.2865
15.9137,27.4318
17.2568,27.9202
16.28,27.1876
16.8091,28.0423
16.4021,28.3272
17.0533,28.6528
16.3207,28.2865
17.2161,28.49
16.4021,28.3679
16.6056,27.7981
16.8091,27.4318
16.3614,27.5539
16.6056,27.0248
15.9544,27.9202
16.1172,29.1412
17.2568,27.8795
17.094,27.3097
16.3614,27.5132
17.2161,28.083
16.3614,29.1005
17.8266,28.1644
16.1986,27.0655
16.3207,28.0016
16.8905,28.2458
16.8498,26.6178
16.8498,27.8388
16.5242,27.9609
16.7684,28.4086
17.094,27.9609
16.5242,27.676
16.7684,27.7981
17.4603,28.4493
16.687,28.083
15.5067,28.4086
16.6463,27.269
15.873,28.0423
18.1929,28.6121
17.2975,27.7574
16.6056,28.5714
15.4253,28.4493
17.0126,28.9377
17.6638,28.8563
16.8905,27.8795
15.7102,28.2458
16.7277,27.8388
16.8091,28.0016
18.0708,27.9202
15.9544,28.1644
16.9312,28.5714
16.4835,27.4725
16.9719,28.4086
17.5824,29.0191
16.5242,27.8388
16.9312,29.1412
16.5242,28.6528
17.7859,28.1237
16.3207,27.7574
17.3382,28.9784
17.2568,29.6703
16.1986,26.5771
17.2975,28.49
17.0533,29.0191
17.6231,27.6353
15.5881,28.3679
17.501,28.2458
17.5824,28.49
17.2161,28.6121
16.1986,27.9202
16.687,28.3679
17.5417,28.5714
16.4428,29.3447
16.8498,28.4086
17.2568,28.1237
15.873,28.7342
16.7684,28.6528
17.0126,28.4493
17.0533,28.0016
17.2161,27.5539
16.8091,29.5482
15.7509,28.7749
19.3732,30.2808
15.6288,27.269
17.1754,30.1587
17.9487,29.304
16.28,30.2808
16.6056,28.1644
16.6463,28.49
16.7277,28.2051
17.3382,28.083
16.7684,29.5889
16.5649,27.8388
17.2161,28.8563
17.8266,30.525
16.7684,28.083
16.8091,28.2458
17.7045,29.4668
17.3382,29.0598
17.7452,28.897
16.0765,28.2051
16.1986,28.2865
16.9312,28.1644
18.4778,29.711
17.0126,29.5482
17.6231,28.4493
17.3382,30.0773
16.7277,28.4493
16.8905,28.083
17.3789,28.9377
17.8266,28.9377
16.8498,29.1412
16.7277,28.897
17.4603,29.4668
15.7509,27.5132
17.0533,29.5889
17.7045,28.7342
16.8091,28.3272
18.1115,28.3679
17.1754,28.4086
17.3382,28.6121
16.28,29.5075
17.2568,28.6935
17.4196,29.1819
17.9894,28.6528
17.094,29.7517
16.5649,28.897
16.7684,28.2051
18.4778,28.4086
16.1986,29.3447
17.1347,29.304
17.0533,29.1412
16.8498,30.4843
17.094,29.1412
16.9719,29.1005
16.8905,28.6528
17.4196,29.0191
16.9312,28.1644
17.1347,29.3854
17.6638,29.8331
17.0126,30.4843
17.094,29.0191
16.6056,29.1412
17.501,29.3854
16.6056,29.5482
18.5592,28.4493
16.7277,28.5307
16.8091,27.9609
16.6056,28.7342
17.2975,30.1994
16.2393,29.304
17.2568,29.8738
17.3789,28.9377
17.5417,29.6703
16.4428,28.6121
17.3382,29.5075
17.1754,28.2865
17.5417,29.2226
16.687,29.0191
16.1986,29.4261
18.3964,28.9784
17.4196,28.897
18.0301,29.5889
16.8498,29.3447
17.3789,29.3854
17.5417,28.4493
17.0126,29.1412
17.3789,28.7342
17.1347,29.0598
17.3382,29.0191
17.6638,29.2633
17.7859,28.5714
17.1347,29.6296
17.7045,28.4086
17.0126,29.5482
16.8091,27.9609
17.8266,30.5657
16.5649,28.897
18.5999,29.1412
17.5417,28.9784
17.4603,28.6935
17.908,31.0541
17.1347,29.3854
17.5417,28.0423
17.1754,29.4261
18.6406,29.1412
16.5242,28.4493
18.2743,29.7924
17.3789,30.0366
15.7509,28.3679
18.4371,29.0191
17.2975,28.897
17.1754,29.4261
17.3789,31.0541
17.6231,28.2458
17.9894,30.2808
16.4835,30.0366
18.4371,27.7981
17.2161,29.9145
16.6463,29.304
17.908,29.304
17.5417,28.1644
18.5185,28.9784
16.3614,29.2633
17.0126,28.6121
17.6638,29.8331
17.1347,29.5482
17.908,28.2865
17.0533,28.9784
17.0533,29.9959
17.1754,30.2401
17.5824,28.9377
17.5824,29.3854
17.2161,28.7749
16.9312,29.1005
18.0301,29.5889
17.0533,28.49
17.7859,28.8563
17.4196,28.6935
17.9487,28.5307
17.9487,29.8331
16.2393,28.5307
17.094,28.3272
17.6638,29.304
18.0708,28.897
16.8905,28.9377
16.8091,29.1819
17.3789,30.4436
18.0301,28.5714
17.7859,29.7924
17.4196,29.6703
17.7452,28.2458
17.6638,29.5482
18.9255,28.5307
17.2161,28.5714
17.8673,29.1005
18.1522,28.49